epoch,time,train/box_loss,train/cls_loss,train/dfl_loss,metrics/precision(B),metrics/recall(B),metrics/mAP50(B),metrics/mAP50-95(B),val/box_loss,val/cls_loss,val/dfl_loss,lr/pg0,lr/pg1,lr/pg2
1,19.845,1.67308,11.6826,1.50504,0.02507,0.23158,0.02178,0.01033,1.77202,70.5986,1.75561,0.00058,0.00058,0.00058
2,35.7666,1.60886,1.86436,1.54606,0.00125,0.10526,0.00075,0.00028,3.71748,73.2949,7.4663,0.00117805,0.00117805,0.00117805
3,51.145,1.63956,1.49851,1.57575,0.00011,0.01053,1e-05,0,nan,nan,nan,0.00177413,0.00177413,0.00177413
4,66.2596,1.64717,1.4261,1.61079,0.00011,0.01053,1e-05,0,nan,nan,nan,0.0019901,0.0019901,0.0019901
5,81.7168,1.61626,1.39446,1.54503,0.24952,0.28421,0.1816,0.08144,2.63245,274.909,3.61446,0.0019868,0.0019868,0.0019868
6,97.3244,1.59603,1.28341,1.59663,0.64704,0.57895,0.6252,0.33425,1.62618,101.783,1.98816,0.0019835,0.0019835,0.0019835
7,113.054,1.53486,1.25663,1.49906,0.67682,0.50526,0.58925,0.35193,1.60017,115.446,1.99187,0.0019802,0.0019802,0.0019802
8,128.499,1.52231,1.195,1.51252,0.66684,0.611,0.68135,0.39338,1.7611,19.7163,2.08808,0.0019769,0.0019769,0.0019769
9,143.966,1.50311,1.14401,1.48368,0.71968,0.61053,0.68792,0.37959,2.10405,9.33176,2.3341,0.0019736,0.0019736,0.0019736
10,159.386,1.49061,1.14679,1.48207,0.8385,0.65585,0.72034,0.43187,1.49267,128.748,1.76622,0.0019703,0.0019703,0.0019703
11,174.84,1.47295,1.109,1.43902,0.84465,0.71579,0.84055,0.53134,1.58464,2.07606,1.90763,0.001967,0.001967,0.001967
12,190.31,1.44688,1.08871,1.43911,0.64992,0.72308,0.73195,0.40972,1.88526,4.75572,2.23946,0.0019637,0.0019637,0.0019637
13,205.683,1.43978,1.05155,1.39619,0.00029,0.02105,0.00017,3e-05,4.78862,5.75123,19.8223,0.0019604,0.0019604,0.0019604
14,221.069,1.44072,1.00242,1.43685,0.66278,0.68421,0.76135,0.4069,1.88624,35.875,2.08086,0.0019571,0.0019571,0.0019571
15,236.399,1.4046,0.95447,1.41054,0.71659,0.85171,0.83829,0.44392,1.93148,2.56538,2.04284,0.0019538,0.0019538,0.0019538
16,251.729,1.35146,0.92889,1.36205,0.81504,0.82105,0.84977,0.53907,1.54227,1.23816,1.88267,0.0019505,0.0019505,0.0019505
17,267.231,1.38783,0.99489,1.39087,0.81852,0.75962,0.85787,0.52413,1.43659,1.64938,1.72331,0.0019472,0.0019472,0.0019472
18,282.66,1.44537,1.04912,1.45089,0.77334,0.64649,0.75548,0.41172,1.75309,12.8101,1.86207,0.0019439,0.0019439,0.0019439
19,298.106,1.38692,0.96567,1.38514,0.72038,0.78947,0.80151,0.46741,1.55598,49.8661,1.72948,0.0019406,0.0019406,0.0019406
20,313.571,1.34154,0.94712,1.38875,0.85176,0.81053,0.88601,0.58377,1.67578,1.49343,1.91108,0.0019373,0.0019373,0.0019373
21,328.99,1.37855,0.92707,1.4009,0.5738,0.63774,0.63099,0.27039,2.30647,4.28765,2.25027,0.001934,0.001934,0.001934
22,344.367,1.33509,0.93209,1.34072,0.78502,0.76877,0.84837,0.55255,1.42941,59.6109,1.67551,0.0019307,0.0019307,0.0019307
23,359.72,1.35277,0.94165,1.40876,0.77605,0.8,0.87147,0.54699,1.60366,1.58578,1.81624,0.0019274,0.0019274,0.0019274
24,375.115,1.35627,0.94911,1.37981,0.82414,0.85263,0.89035,0.57287,1.46203,1.21302,1.73192,0.0019241,0.0019241,0.0019241
25,390.457,1.26971,0.9705,1.3191,0.83565,0.85637,0.88282,0.56656,1.37611,2.65373,1.6995,0.0019208,0.0019208,0.0019208
26,405.847,1.33043,0.88581,1.37766,0.81132,0.77895,0.84943,0.52919,1.63493,1.86152,1.93573,0.0019175,0.0019175,0.0019175
27,421.199,1.28438,0.87523,1.33582,0.85008,0.84211,0.87544,0.56362,1.5438,1.26185,1.7541,0.0019142,0.0019142,0.0019142
28,436.56,1.33327,0.91676,1.35181,0.71346,0.68421,0.75006,0.41018,1.85188,2.35784,1.98575,0.0019109,0.0019109,0.0019109
29,451.942,1.27714,0.87551,1.34491,0.55019,0.56653,0.57466,0.26351,2.22977,18.8629,2.25427,0.0019076,0.0019076,0.0019076
30,467.385,1.32919,0.89212,1.37058,0.74216,0.81808,0.83138,0.54661,1.40346,3.68066,1.6955,0.0019043,0.0019043,0.0019043
31,482.777,1.30656,0.87166,1.35067,0.70883,0.84565,0.83626,0.51778,1.7124,4.00348,1.9193,0.001901,0.001901,0.001901
32,498.085,1.26782,0.85965,1.32018,0.75891,0.76842,0.85725,0.48544,1.76181,1.87886,1.96768,0.0018977,0.0018977,0.0018977
33,513.449,1.24992,0.88527,1.30622,0.77322,0.88421,0.90566,0.58349,1.48785,4.03843,1.75585,0.0018944,0.0018944,0.0018944
34,528.838,1.26683,0.82,1.30634,0.72673,0.86316,0.86613,0.51798,1.7175,1.41599,1.95267,0.0018911,0.0018911,0.0018911
35,544.172,1.25986,0.84678,1.33737,0.85851,0.84211,0.8814,0.56305,1.54137,0.89556,1.81335,0.0018878,0.0018878,0.0018878
36,559.468,1.30389,0.86318,1.35762,0.78722,0.8,0.85658,0.52605,1.5876,0.97943,1.76484,0.0018845,0.0018845,0.0018845
37,574.802,1.24867,0.85248,1.31175,0.86827,0.86316,0.90815,0.58721,1.53304,1.73305,1.77146,0.0018812,0.0018812,0.0018812
38,590.261,1.28928,0.82724,1.33959,0.77793,0.8,0.85237,0.55581,1.3447,1.14357,1.49056,0.0018779,0.0018779,0.0018779
39,605.594,1.25352,0.79055,1.2886,0.80132,0.85263,0.86409,0.53546,1.47448,1.36401,1.7075,0.0018746,0.0018746,0.0018746
40,620.874,1.26149,0.79266,1.3257,0.86172,0.88421,0.90995,0.61447,1.34665,0.89951,1.5606,0.0018713,0.0018713,0.0018713
41,636.227,1.31796,0.8071,1.36368,0.81834,0.901,0.90302,0.57541,1.45531,1.0414,1.67127,0.001868,0.001868,0.001868
42,651.523,1.22158,0.80945,1.29681,0.8477,0.87884,0.88916,0.5714,1.3679,0.91569,1.64839,0.0018647,0.0018647,0.0018647
43,666.838,1.25782,0.80412,1.31576,0.7407,0.81189,0.85552,0.56896,1.38172,1.50196,1.62293,0.0018614,0.0018614,0.0018614
44,682.199,1.27098,0.78482,1.32166,0.69688,0.81053,0.79067,0.48358,1.49208,2.07635,1.60116,0.0018581,0.0018581,0.0018581
45,697.572,1.24765,0.75189,1.31756,0.8609,0.91208,0.9112,0.59263,1.49978,11.2714,1.76079,0.0018548,0.0018548,0.0018548
46,712.958,1.23683,0.76275,1.27567,0.87536,0.89474,0.91725,0.59854,1.44901,0.76548,1.70428,0.0018515,0.0018515,0.0018515
47,728.321,1.27232,0.77433,1.31688,0.8824,0.84211,0.89433,0.59276,1.27187,1.16349,1.48906,0.0018482,0.0018482,0.0018482
48,743.702,1.20152,0.77781,1.27055,0.65678,0.61053,0.68096,0.32575,2.01361,1.96733,2.10154,0.0018449,0.0018449,0.0018449
49,759.058,1.24007,0.79467,1.30229,0.82296,0.86316,0.88719,0.5561,1.49527,1.6618,1.75694,0.0018416,0.0018416,0.0018416
50,774.368,1.21686,0.7714,1.25271,0.79496,0.87368,0.89287,0.57064,1.52963,0.86454,1.7159,0.0018383,0.0018383,0.0018383
51,789.769,1.20742,0.79446,1.26698,0.76392,0.87368,0.86148,0.5345,1.49662,1.44097,1.81352,0.001835,0.001835,0.001835
52,805.208,1.19537,0.76396,1.26705,0.7802,0.84211,0.84785,0.55934,1.46273,54.9748,1.72492,0.0018317,0.0018317,0.0018317
53,820.508,1.21809,0.76148,1.30151,0.8601,0.90526,0.93099,0.58967,1.47349,0.81189,1.74508,0.0018284,0.0018284,0.0018284
54,835.907,1.20244,0.78426,1.26743,0.74428,0.73529,0.82467,0.46462,1.77849,2.00828,1.97682,0.0018251,0.0018251,0.0018251
55,851.222,1.20148,0.78786,1.28184,0.90474,0.89981,0.93456,0.63316,1.33759,0.79109,1.65117,0.0018218,0.0018218,0.0018218
56,866.688,1.18821,0.79395,1.27581,0.7674,0.86825,0.87268,0.56044,1.58412,1.31977,1.78743,0.0018185,0.0018185,0.0018185
57,882.008,1.14573,0.73177,1.22054,0.82186,0.92276,0.92566,0.56988,1.51826,0.80691,1.84986,0.0018152,0.0018152,0.0018152
58,897.404,1.19516,0.7408,1.26419,0.90108,0.86295,0.93226,0.60229,1.5622,0.74327,1.8792,0.0018119,0.0018119,0.0018119
59,912.759,1.22713,0.76329,1.27843,0.82933,0.83158,0.90825,0.57892,1.52753,1.08994,1.76651,0.0018086,0.0018086,0.0018086
60,928.11,1.1974,0.76172,1.25115,0.86541,0.81226,0.8875,0.57722,1.46836,1.44442,1.69069,0.0018053,0.0018053,0.0018053
61,943.443,1.17971,0.74173,1.27087,0.84396,0.74014,0.84904,0.47944,1.74045,2.6199,1.92478,0.001802,0.001802,0.001802
62,958.78,1.18683,0.71595,1.24391,0.81077,0.90526,0.90297,0.60546,1.47272,1.13525,1.8095,0.0017987,0.0017987,0.0017987
63,974.088,1.17745,0.73107,1.27352,0.87399,0.87368,0.94377,0.6527,1.29511,0.78654,1.62875,0.0017954,0.0017954,0.0017954
64,989.437,1.1697,0.71837,1.25132,0.84183,0.86316,0.90245,0.56788,1.64531,0.87979,1.90981,0.0017921,0.0017921,0.0017921
65,1004.74,1.22834,0.77973,1.29483,0.85601,0.91579,0.90559,0.59496,1.3983,0.82516,1.74098,0.0017888,0.0017888,0.0017888
66,1020.05,1.21546,0.7924,1.26434,0.79774,0.91341,0.91249,0.5972,1.55321,0.97749,1.8189,0.0017855,0.0017855,0.0017855
67,1035.35,1.11966,0.68566,1.22412,0.89793,0.87368,0.91603,0.62764,1.42058,0.77204,1.7427,0.0017822,0.0017822,0.0017822
68,1050.64,1.15902,0.71569,1.2339,0.81617,0.79451,0.84665,0.50664,1.66605,1.3426,1.91919,0.0017789,0.0017789,0.0017789
69,1065.98,1.18042,0.74419,1.27681,0.80625,0.91579,0.91836,0.62621,1.40226,0.87369,1.72277,0.0017756,0.0017756,0.0017756
70,1081.18,1.20935,0.71465,1.2637,0.87037,0.90526,0.94162,0.60725,1.47515,0.78859,1.75933,0.0017723,0.0017723,0.0017723
71,1096.48,1.17022,0.70542,1.24645,0.85475,0.88421,0.93953,0.59962,1.48489,0.80399,1.78595,0.001769,0.001769,0.001769
72,1111.73,1.09378,0.69475,1.21599,0.89074,0.85814,0.93966,0.60467,1.47413,0.70738,1.73686,0.0017657,0.0017657,0.0017657
73,1127.01,1.13722,0.69007,1.23564,0.90925,0.90526,0.93194,0.62546,1.3985,0.64522,1.67087,0.0017624,0.0017624,0.0017624
74,1142.48,1.18425,0.71944,1.2423,0.80491,0.74737,0.84937,0.49752,1.75559,1.35411,1.98837,0.0017591,0.0017591,0.0017591
75,1157.84,1.12241,0.67469,1.22158,0.8225,0.89474,0.91263,0.61067,1.46376,0.81991,1.71849,0.0017558,0.0017558,0.0017558
76,1173.1,1.13936,0.70644,1.21499,0.90362,0.88827,0.94381,0.64317,1.36473,0.65054,1.69033,0.0017525,0.0017525,0.0017525
77,1188.42,1.13697,0.72462,1.234,0.80122,0.88421,0.89202,0.57815,1.61056,0.8197,1.83449,0.0017492,0.0017492,0.0017492
78,1203.73,1.1517,0.74278,1.23412,0.87185,0.87368,0.93577,0.63532,1.2909,0.82249,1.57421,0.0017459,0.0017459,0.0017459
79,1219.05,1.14411,0.68641,1.25869,0.84363,0.89474,0.93104,0.61058,1.40144,0.71553,1.699,0.0017426,0.0017426,0.0017426
80,1234.33,1.09827,0.66296,1.19555,0.8654,0.87983,0.92178,0.60102,1.53561,0.91356,1.85708,0.0017393,0.0017393,0.0017393
81,1249.58,1.13708,0.69971,1.21498,0.84822,0.89474,0.9098,0.596,1.46238,0.95383,1.76925,0.001736,0.001736,0.001736
82,1264.92,1.13258,0.67477,1.2479,0.8524,0.93684,0.92264,0.6029,1.48201,0.95587,1.79908,0.0017327,0.0017327,0.0017327
83,1280.15,1.14632,0.68218,1.22758,0.86392,0.86882,0.92223,0.61419,1.47572,0.74224,1.83097,0.0017294,0.0017294,0.0017294
84,1295.46,1.11062,0.68272,1.22228,0.86801,0.89993,0.94881,0.6008,1.44568,0.92359,1.75281,0.0017261,0.0017261,0.0017261
85,1310.75,1.1598,0.69324,1.22744,0.8609,0.91579,0.92651,0.58991,1.53322,0.88163,1.80213,0.0017228,0.0017228,0.0017228
86,1326.05,1.15815,0.68664,1.23645,0.77997,0.87368,0.89445,0.58415,1.4732,1.2095,1.76965,0.0017195,0.0017195,0.0017195
87,1341.41,1.11541,0.72402,1.22826,0.86995,0.82105,0.91844,0.57196,1.39006,0.90854,1.68818,0.0017162,0.0017162,0.0017162
88,1356.69,1.1325,0.70282,1.23809,0.88556,0.89604,0.93302,0.60946,1.36963,0.88914,1.72517,0.0017129,0.0017129,0.0017129
89,1372,1.12455,0.66226,1.23652,0.85866,0.91579,0.93037,0.60977,1.43995,0.83716,1.73276,0.0017096,0.0017096,0.0017096
90,1387.34,1.11379,0.66461,1.209,0.74626,0.80495,0.84203,0.52203,1.63252,1.16189,1.94844,0.0017063,0.0017063,0.0017063
91,1402.62,1.09386,0.67351,1.18924,0.84367,0.85212,0.90794,0.60303,1.31866,0.86786,1.57009,0.001703,0.001703,0.001703
92,1417.92,1.12729,0.67242,1.22682,0.89557,0.92632,0.94843,0.62953,1.33898,0.72068,1.60082,0.0016997,0.0016997,0.0016997
93,1433.21,1.05603,0.64366,1.20463,0.83339,0.90526,0.92907,0.61204,1.36247,0.71877,1.70378,0.0016964,0.0016964,0.0016964
94,1448.45,1.11512,0.67778,1.24506,0.89697,0.92632,0.93277,0.61547,1.25848,0.68957,1.51383,0.0016931,0.0016931,0.0016931
95,1463.65,1.09575,0.62411,1.20819,0.87234,0.94737,0.92961,0.62368,1.37102,0.63623,1.54868,0.0016898,0.0016898,0.0016898
96,1478.92,1.08419,0.65227,1.21136,0.87304,0.83158,0.94214,0.60395,1.34412,0.75505,1.66296,0.0016865,0.0016865,0.0016865
97,1494.17,1.11452,0.66545,1.22114,0.90871,0.94303,0.96349,0.65469,1.34768,0.62661,1.57206,0.0016832,0.0016832,0.0016832
98,1509.5,1.11186,0.65465,1.20246,0.88516,0.89246,0.95328,0.64173,1.11482,0.61243,1.35821,0.0016799,0.0016799,0.0016799
99,1524.71,1.06638,0.64094,1.1807,0.81857,0.88421,0.90233,0.56931,1.51688,0.82986,1.83607,0.0016766,0.0016766,0.0016766
100,1539.93,1.06874,0.64206,1.16743,0.91102,0.86216,0.92675,0.6491,1.20675,0.60102,1.57621,0.0016733,0.0016733,0.0016733
101,1555.18,1.09645,0.62954,1.20087,0.869,0.87368,0.91665,0.60673,1.29151,0.90498,1.65894,0.00167,0.00167,0.00167
102,1570.4,1.12866,0.67125,1.23867,0.90104,0.88421,0.93021,0.60117,1.38147,0.62637,1.6423,0.0016667,0.0016667,0.0016667
103,1585.74,1.11292,0.65318,1.21472,0.86406,0.89474,0.93062,0.60855,1.38924,0.96582,1.73026,0.0016634,0.0016634,0.0016634
104,1601.05,1.10487,0.63833,1.18263,0.77957,0.90526,0.90606,0.55446,1.58112,1.39518,1.85296,0.0016601,0.0016601,0.0016601
105,1616.4,1.09012,0.64556,1.20925,0.87688,0.89969,0.94797,0.64651,1.27259,0.71144,1.61019,0.0016568,0.0016568,0.0016568
106,1631.64,1.08696,0.64936,1.198,0.89013,0.85279,0.94867,0.61361,1.34626,0.69853,1.57083,0.0016535,0.0016535,0.0016535
107,1646.89,1.10923,0.65072,1.22109,0.88607,0.87368,0.92887,0.58159,1.58264,0.88077,1.90858,0.0016502,0.0016502,0.0016502
108,1662.18,1.0714,0.64012,1.18186,0.82717,0.91579,0.94946,0.6149,1.50855,0.70608,1.80745,0.0016469,0.0016469,0.0016469
109,1677.54,1.07598,0.61897,1.17223,0.904,0.89217,0.93641,0.63649,1.2319,0.64188,1.46757,0.0016436,0.0016436,0.0016436
110,1692.9,1.06202,0.63178,1.16655,0.85158,0.96842,0.94195,0.60545,1.41296,0.70342,1.6687,0.0016403,0.0016403,0.0016403
111,1708.18,1.03849,0.62114,1.17948,0.88342,0.89474,0.93883,0.63115,1.46481,0.65926,1.7113,0.001637,0.001637,0.001637
112,1723.48,1.0712,0.62487,1.19124,0.86843,0.90328,0.93308,0.59575,1.53302,0.88771,1.74514,0.0016337,0.0016337,0.0016337
113,1738.7,1.09142,0.64021,1.18077,0.86503,0.94452,0.92739,0.6273,1.18104,0.59724,1.38217,0.0016304,0.0016304,0.0016304
114,1753.97,1.03511,0.62211,1.16164,0.77717,0.89474,0.89203,0.5901,1.27108,0.80288,1.59719,0.0016271,0.0016271,0.0016271
115,1769.29,1.09516,0.64091,1.21277,0.86671,0.92632,0.94253,0.64229,1.26096,0.66884,1.46994,0.0016238,0.0016238,0.0016238
116,1784.61,1.06521,0.6299,1.20788,0.92535,0.91344,0.95564,0.64077,1.33816,0.67739,1.66032,0.0016205,0.0016205,0.0016205
117,1799.87,1.04306,0.60597,1.17198,0.87089,0.9231,0.91911,0.62427,1.40846,0.67851,1.76632,0.0016172,0.0016172,0.0016172
118,1815.17,1.0504,0.60689,1.16694,0.82914,0.97895,0.93331,0.62275,1.40833,0.62889,1.70811,0.0016139,0.0016139,0.0016139
119,1830.44,1.04491,0.61983,1.15312,0.86205,0.91579,0.94534,0.64745,1.36803,0.66665,1.66677,0.0016106,0.0016106,0.0016106
120,1845.73,1.03829,0.62122,1.14147,0.92331,0.8872,0.95584,0.66026,1.38713,0.60279,1.74014,0.0016073,0.0016073,0.0016073
121,1861.17,1.03584,0.62942,1.16917,0.86354,0.87368,0.90994,0.58542,1.45783,0.74965,1.67172,0.001604,0.001604,0.001604
122,1876.44,1.05775,0.6208,1.1539,0.87619,0.91579,0.94887,0.64611,1.29682,0.60762,1.61882,0.0016007,0.0016007,0.0016007
123,1891.76,1.05259,0.63346,1.18032,0.87793,0.89474,0.94322,0.63233,1.24347,0.67362,1.59938,0.0015974,0.0015974,0.0015974
124,1907.01,1.02835,0.60322,1.1505,0.91701,0.94737,0.96599,0.66297,1.30864,0.62375,1.69926,0.0015941,0.0015941,0.0015941
125,1922.44,0.99889,0.59531,1.17446,0.85462,0.92821,0.93963,0.64231,1.3427,0.68332,1.75584,0.0015908,0.0015908,0.0015908
126,1937.77,1.04657,0.6032,1.16964,0.92818,0.92632,0.94007,0.66127,1.31686,0.60158,1.62946,0.0015875,0.0015875,0.0015875
127,1952.99,1.04938,0.61795,1.17717,0.93093,0.88421,0.94781,0.63091,1.37335,0.66316,1.67898,0.0015842,0.0015842,0.0015842
128,1968.26,1.06697,0.61315,1.18308,0.87707,0.97632,0.96195,0.63994,1.39778,0.60851,1.81122,0.0015809,0.0015809,0.0015809
129,1983.48,1.02462,0.61918,1.14248,0.87265,0.9377,0.94089,0.62508,1.28097,0.62537,1.65384,0.0015776,0.0015776,0.0015776
130,1998.73,1.00358,0.60308,1.13813,0.85774,0.95202,0.94403,0.6247,1.40669,0.74205,1.67324,0.0015743,0.0015743,0.0015743
131,2013.99,1.00358,0.58969,1.13879,0.9013,0.97895,0.95692,0.66265,1.24867,0.5733,1.59457,0.001571,0.001571,0.001571
132,2029.26,1.04181,0.6347,1.17367,0.8706,0.92073,0.94057,0.61131,1.55432,0.69837,1.85938,0.0015677,0.0015677,0.0015677
133,2044.51,1.03644,0.57813,1.16815,0.8665,0.93684,0.93942,0.64478,1.37055,0.63067,1.75782,0.0015644,0.0015644,0.0015644
134,2059.8,1.03445,0.59838,1.14678,0.89074,0.94404,0.94836,0.65008,1.19602,0.66315,1.4309,0.0015611,0.0015611,0.0015611
135,2075.18,1.02826,0.58954,1.1679,0.77155,0.87368,0.888,0.57528,1.38697,1.44704,1.74862,0.0015578,0.0015578,0.0015578
136,2090.47,1.00561,0.59345,1.16201,0.85689,0.94541,0.93941,0.63479,1.34412,0.62637,1.62499,0.0015545,0.0015545,0.0015545
137,2105.76,1.0219,0.61335,1.1491,0.80399,0.81053,0.85852,0.56187,1.56102,0.89354,1.88721,0.0015512,0.0015512,0.0015512
138,2121.01,1.00344,0.61805,1.15793,0.89374,0.88537,0.93437,0.6394,1.31829,0.67271,1.51271,0.0015479,0.0015479,0.0015479
139,2136.29,1.01627,0.58668,1.15959,0.92281,0.93684,0.96561,0.66081,1.30243,0.60483,1.65787,0.0015446,0.0015446,0.0015446
140,2151.54,0.9953,0.57692,1.12885,0.89484,0.98529,0.96562,0.66548,1.19995,0.5833,1.44553,0.0015413,0.0015413,0.0015413
141,2166.91,1.02355,0.58712,1.15178,0.90187,0.87069,0.91867,0.61983,1.43013,0.71535,1.82439,0.001538,0.001538,0.001538
142,2182.28,1.02208,0.58372,1.15948,0.92767,0.94737,0.94233,0.64486,1.32182,0.57584,1.64086,0.0015347,0.0015347,0.0015347
143,2197.67,1.013,0.58697,1.13026,0.88299,0.93684,0.93759,0.62395,1.48448,0.72143,1.73562,0.0015314,0.0015314,0.0015314
144,2213.08,1.02884,0.59615,1.15629,0.87709,0.92632,0.94395,0.63278,1.15973,0.70019,1.45828,0.0015281,0.0015281,0.0015281
145,2228.33,1.03121,0.6047,1.1633,0.88754,0.83158,0.91672,0.60723,1.41999,0.75251,1.7171,0.0015248,0.0015248,0.0015248
146,2243.67,0.97561,0.56758,1.13732,0.90134,0.9617,0.94476,0.63658,1.3448,1.93736,1.65179,0.0015215,0.0015215,0.0015215
147,2258.98,0.95404,0.56751,1.14552,0.89992,0.91579,0.93391,0.6259,1.26631,0.65229,1.51401,0.0015182,0.0015182,0.0015182
148,2274.29,0.99791,0.62182,1.16202,0.88178,0.87368,0.9151,0.58684,1.35865,1.2502,1.59855,0.0015149,0.0015149,0.0015149
149,2289.55,1.00537,0.60564,1.15403,0.90844,0.83551,0.92323,0.61355,1.37051,0.65454,1.58232,0.0015116,0.0015116,0.0015116
150,2304.79,1.02464,0.59941,1.15701,0.79749,0.91579,0.91149,0.59242,1.43641,0.7154,1.71318,0.0015083,0.0015083,0.0015083
151,2320.08,1.00511,0.58539,1.17014,0.84625,0.89474,0.92773,0.62541,1.34791,0.80142,1.6668,0.001505,0.001505,0.001505
152,2335.37,0.99881,0.58224,1.14963,0.87802,0.94737,0.96174,0.66228,1.24983,0.61132,1.53913,0.0015017,0.0015017,0.0015017
153,2350.58,0.98724,0.57028,1.13293,0.90523,0.93684,0.96478,0.66859,1.18189,0.59138,1.43398,0.0014984,0.0014984,0.0014984
154,2365.89,1.00594,0.57627,1.15861,0.89177,0.95409,0.95666,0.64535,1.31344,0.6135,1.66003,0.0014951,0.0014951,0.0014951
155,2381.18,1.00246,0.57107,1.14118,0.90766,0.93127,0.96494,0.64375,1.27279,0.67576,1.47691,0.0014918,0.0014918,0.0014918
156,2396.49,0.94496,0.55311,1.11273,0.87034,0.90526,0.92892,0.62447,1.49628,0.66078,1.83832,0.0014885,0.0014885,0.0014885
157,2411.75,0.97337,0.55889,1.11935,0.84699,0.87401,0.9077,0.58905,1.5214,0.79819,1.87174,0.0014852,0.0014852,0.0014852
158,2427.12,0.97905,0.5565,1.123,0.88998,0.93661,0.93226,0.65182,1.31981,0.58846,1.6596,0.0014819,0.0014819,0.0014819
159,2442.46,0.96381,0.55796,1.11177,0.90801,0.93517,0.93096,0.64334,1.34995,0.5738,1.72114,0.0014786,0.0014786,0.0014786
160,2457.78,1.01244,0.55863,1.13614,0.88109,0.85796,0.92417,0.58997,1.48107,0.86427,1.87473,0.0014753,0.0014753,0.0014753
161,2473.11,0.98789,0.56628,1.12565,0.87548,0.96216,0.93781,0.6403,1.34481,0.61219,1.65312,0.001472,0.001472,0.001472
162,2488.43,0.93915,0.53501,1.10511,0.8168,0.82105,0.89407,0.55413,1.5281,0.78538,1.82677,0.0014687,0.0014687,0.0014687
163,2503.69,0.98791,0.58008,1.14413,0.90319,0.88385,0.94357,0.66272,1.28876,0.57617,1.57947,0.0014654,0.0014654,0.0014654
164,2518.97,0.94072,0.54739,1.11455,0.86155,0.93684,0.95143,0.66232,1.23241,0.58762,1.45722,0.0014621,0.0014621,0.0014621
165,2534.25,0.95669,0.56369,1.11238,0.86162,0.91761,0.94834,0.65437,1.28705,0.60597,1.67346,0.0014588,0.0014588,0.0014588
166,2549.47,0.96393,0.55202,1.13962,0.88724,0.93684,0.92426,0.65549,1.2591,0.59115,1.70146,0.0014555,0.0014555,0.0014555
167,2564.69,0.97128,0.56836,1.13978,0.92753,0.94305,0.95504,0.66271,1.2972,0.55364,1.66839,0.0014522,0.0014522,0.0014522
168,2579.93,0.98454,0.58018,1.13571,0.82852,0.93684,0.9195,0.62763,1.39708,0.66538,1.79322,0.0014489,0.0014489,0.0014489
169,2595.19,0.96882,0.56649,1.12074,0.86949,0.93684,0.93901,0.65555,1.17664,0.60587,1.46965,0.0014456,0.0014456,0.0014456
170,2610.4,0.95957,0.54041,1.09701,0.90724,0.92655,0.95263,0.66995,1.2567,0.63144,1.58234,0.0014423,0.0014423,0.0014423
171,2625.81,0.98762,0.57229,1.13916,0.87107,0.89474,0.91304,0.66256,1.04627,0.65383,1.36107,0.001439,0.001439,0.001439
172,2641.07,0.96222,0.55422,1.12655,0.9329,0.91579,0.94636,0.66706,1.11445,0.56883,1.3805,0.0014357,0.0014357,0.0014357
173,2656.4,0.95538,0.53771,1.12528,0.87744,0.92632,0.92136,0.61696,1.32293,0.80402,1.54414,0.0014324,0.0014324,0.0014324
174,2671.6,0.97608,0.56104,1.11485,0.85928,0.92632,0.94125,0.64651,1.33604,0.68357,1.6452,0.0014291,0.0014291,0.0014291
175,2686.86,0.98381,0.58641,1.14222,0.87168,0.94737,0.94544,0.66483,1.21205,0.60526,1.48886,0.0014258,0.0014258,0.0014258
176,2702.16,0.94837,0.5493,1.12134,0.90265,0.90526,0.92671,0.63821,1.24232,0.6199,1.51205,0.0014225,0.0014225,0.0014225
177,2717.42,0.96609,0.56936,1.13135,0.86316,0.94737,0.93208,0.6304,1.25725,0.70187,1.52663,0.0014192,0.0014192,0.0014192
178,2732.73,0.93528,0.53799,1.1051,0.88745,0.91301,0.94831,0.66849,1.20846,0.63995,1.47979,0.0014159,0.0014159,0.0014159
179,2747.97,0.95356,0.55239,1.13337,0.85969,0.91579,0.92382,0.64218,1.38324,0.66805,1.76686,0.0014126,0.0014126,0.0014126
180,2763.34,0.93541,0.55296,1.10541,0.87236,0.92632,0.93646,0.65879,1.15404,0.65114,1.43194,0.0014093,0.0014093,0.0014093
181,2778.58,0.92808,0.53432,1.10613,0.87732,0.93684,0.93639,0.65919,1.19217,0.62666,1.45858,0.001406,0.001406,0.001406
182,2793.82,0.90877,0.51562,1.10351,0.9051,0.94737,0.94477,0.66878,1.28638,0.56533,1.69156,0.0014027,0.0014027,0.0014027
183,2809.09,0.95989,0.53171,1.12679,0.90513,0.87368,0.9313,0.63416,1.37475,0.83207,1.70435,0.0013994,0.0013994,0.0013994
184,2824.37,0.93943,0.56183,1.10923,0.87272,0.93825,0.95496,0.6516,1.22572,0.63131,1.52457,0.0013961,0.0013961,0.0013961
185,2839.59,0.94518,0.55986,1.11552,0.87148,0.92791,0.95634,0.66379,1.04799,0.56693,1.38896,0.0013928,0.0013928,0.0013928
186,2854.81,0.95336,0.54865,1.10885,0.92287,0.8816,0.9455,0.65451,1.23949,0.6695,1.4873,0.0013895,0.0013895,0.0013895
187,2870.12,0.92004,0.52497,1.09723,0.88044,0.91579,0.93511,0.64681,1.15443,0.61884,1.49591,0.0013862,0.0013862,0.0013862
188,2885.41,0.91898,0.52614,1.10414,0.91989,0.91579,0.94779,0.66094,1.2627,0.66472,1.51357,0.0013829,0.0013829,0.0013829
189,2900.68,0.93894,0.53744,1.1123,0.8987,0.94737,0.95647,0.6678,1.15275,0.61211,1.44757,0.0013796,0.0013796,0.0013796
190,2915.99,0.94981,0.52889,1.12279,0.92594,0.94737,0.95315,0.65714,1.3606,0.60246,1.66286,0.0013763,0.0013763,0.0013763
191,2931.29,0.91196,0.52564,1.0884,0.86329,0.93066,0.94171,0.64037,1.31437,0.68904,1.62734,0.001373,0.001373,0.001373
192,2946.55,0.90928,0.53064,1.10144,0.9225,0.94737,0.97333,0.67716,1.15689,0.57341,1.44196,0.0013697,0.0013697,0.0013697
193,2961.92,0.94029,0.55275,1.1317,0.91743,0.91579,0.96184,0.61788,1.38489,0.58601,1.6826,0.0013664,0.0013664,0.0013664
194,2977.26,0.88447,0.52595,1.0892,0.89838,0.92632,0.95212,0.64733,1.20749,0.63763,1.48797,0.0013631,0.0013631,0.0013631
195,2992.52,0.90711,0.52138,1.07672,0.89752,0.89474,0.93582,0.65407,1.12795,0.55644,1.43835,0.0013598,0.0013598,0.0013598
196,3007.76,0.93233,0.51335,1.10302,0.89983,0.93684,0.94106,0.65743,1.14182,0.56396,1.43182,0.0013565,0.0013565,0.0013565
197,3023.11,0.93413,0.53684,1.09179,0.91675,0.93684,0.96163,0.6625,1.2017,0.56827,1.47563,0.0013532,0.0013532,0.0013532
198,3038.34,0.89788,0.51973,1.10634,0.88772,0.92632,0.9454,0.66237,1.19436,0.56931,1.63166,0.0013499,0.0013499,0.0013499
199,3053.76,0.92961,0.51826,1.08995,0.91557,0.91579,0.9465,0.62549,1.41618,0.62381,1.8488,0.0013466,0.0013466,0.0013466
200,3069,0.92257,0.53543,1.11397,0.89959,0.94305,0.94824,0.63762,1.36584,0.6026,1.72761,0.0013433,0.0013433,0.0013433
201,3084.23,0.91244,0.51437,1.10785,0.89117,0.93684,0.93025,0.65549,1.21797,0.56231,1.5301,0.00134,0.00134,0.00134
202,3099.47,0.88194,0.50923,1.0635,0.91641,0.90526,0.94813,0.66495,1.21703,0.52843,1.63882,0.0013367,0.0013367,0.0013367
203,3114.85,0.90823,0.53536,1.11616,0.8972,0.89474,0.91456,0.63365,1.35127,0.62998,1.76021,0.0013334,0.0013334,0.0013334
204,3130.08,0.89535,0.51314,1.07197,0.89543,0.90137,0.93829,0.65691,1.22239,0.58381,1.52768,0.0013301,0.0013301,0.0013301
205,3145.45,0.91677,0.54522,1.07682,0.90618,0.91503,0.9363,0.64369,1.19553,0.71999,1.49875,0.0013268,0.0013268,0.0013268
206,3160.64,0.89361,0.52398,1.08375,0.91527,0.90971,0.93483,0.66753,1.13784,0.63889,1.40794,0.0013235,0.0013235,0.0013235
207,3175.85,0.91651,0.52653,1.11661,0.89832,0.91579,0.95382,0.65807,1.27495,0.62124,1.5316,0.0013202,0.0013202,0.0013202
208,3191.12,0.90538,0.50882,1.093,0.90152,0.90526,0.93917,0.64466,1.33204,0.62538,1.66409,0.0013169,0.0013169,0.0013169
209,3206.36,0.94131,0.54088,1.11949,0.89798,0.92653,0.9494,0.66116,1.24958,0.58248,1.52223,0.0013136,0.0013136,0.0013136
210,3221.58,0.91709,0.53255,1.08965,0.8711,0.90526,0.93211,0.637,1.28979,0.75857,1.66193,0.0013103,0.0013103,0.0013103
211,3236.96,0.87704,0.50937,1.07706,0.87486,0.95665,0.93518,0.6377,1.31491,0.61355,1.74506,0.001307,0.001307,0.001307
212,3252.28,0.88268,0.51067,1.06571,0.88698,0.93684,0.94005,0.62997,1.38092,0.65969,1.80496,0.0013037,0.0013037,0.0013037
213,3267.55,0.8881,0.51494,1.09176,0.92622,0.92506,0.95235,0.65362,1.28836,0.58544,1.6929,0.0013004,0.0013004,0.0013004
214,3282.9,0.90688,0.53187,1.09594,0.91808,0.94375,0.93925,0.63583,1.22185,0.66382,1.55561,0.0012971,0.0012971,0.0012971
215,3298.15,0.91634,0.52462,1.08487,0.87937,0.90526,0.92861,0.63091,1.39207,0.69062,1.7434,0.0012938,0.0012938,0.0012938
216,3313.41,0.90105,0.51736,1.08412,0.89651,0.91194,0.93868,0.66167,1.19016,0.59432,1.43246,0.0012905,0.0012905,0.0012905
217,3328.62,0.91204,0.51882,1.0966,0.91937,0.89474,0.94841,0.65951,1.40242,0.62027,1.71011,0.0012872,0.0012872,0.0012872
218,3343.89,0.90403,0.5155,1.08135,0.89233,0.91579,0.9425,0.66551,1.19787,0.60193,1.51317,0.0012839,0.0012839,0.0012839
219,3359.09,0.87062,0.48925,1.06476,0.88415,0.94737,0.93719,0.65717,1.15057,0.58566,1.44433,0.0012806,0.0012806,0.0012806
220,3374.49,0.85971,0.48953,1.06613,0.88984,0.93535,0.9307,0.63013,1.2378,0.69516,1.56743,0.0012773,0.0012773,0.0012773
221,3389.72,0.86406,0.49692,1.0653,0.89068,0.89474,0.93343,0.64119,1.18141,0.60007,1.48372,0.001274,0.001274,0.001274
222,3404.97,0.87297,0.50607,1.05371,0.86416,0.94737,0.9386,0.64625,1.15005,0.56404,1.4286,0.0012707,0.0012707,0.0012707
223,3420.21,0.86381,0.50216,1.07968,0.87469,0.96842,0.95148,0.65201,1.12792,0.59088,1.40336,0.0012674,0.0012674,0.0012674
224,3435.44,0.88494,0.51028,1.08702,0.90751,0.97895,0.96493,0.66256,1.18772,0.56739,1.44182,0.0012641,0.0012641,0.0012641
225,3450.72,0.90189,0.50033,1.06797,0.89325,0.90526,0.94036,0.64055,1.17009,0.58125,1.44774,0.0012608,0.0012608,0.0012608
226,3465.89,0.87859,0.49909,1.07708,0.89733,0.92004,0.94347,0.65371,1.19771,0.57909,1.46561,0.0012575,0.0012575,0.0012575
227,3481.16,0.86484,0.48413,1.05899,0.91378,0.92632,0.94226,0.66987,1.18313,0.57575,1.42191,0.0012542,0.0012542,0.0012542
228,3496.34,0.89134,0.4918,1.09165,0.87924,0.92632,0.93399,0.63336,1.2907,0.63539,1.61528,0.0012509,0.0012509,0.0012509
229,3511.55,0.89098,0.50765,1.07598,0.9295,0.85263,0.92061,0.60584,1.29696,0.61928,1.69779,0.0012476,0.0012476,0.0012476
230,3526.76,0.86168,0.50393,1.07694,0.90389,0.89096,0.93402,0.62672,1.26169,0.63933,1.55606,0.0012443,0.0012443,0.0012443
231,3541.96,0.87192,0.49191,1.07016,0.84635,0.93684,0.94124,0.65465,1.20159,0.60623,1.48299,0.001241,0.001241,0.001241
232,3557.3,0.88363,0.49739,1.06351,0.87902,0.91579,0.93847,0.64932,1.19946,0.58976,1.47044,0.0012377,0.0012377,0.0012377
233,3572.68,0.87667,0.49376,1.06988,0.9319,0.91579,0.93394,0.64944,1.27697,0.6868,1.50634,0.0012344,0.0012344,0.0012344
234,3587.92,0.86489,0.4892,1.07772,0.93594,0.92277,0.94161,0.63997,1.22913,0.62603,1.51749,0.0012311,0.0012311,0.0012311
235,3603.17,0.85423,0.48061,1.06523,0.90984,0.93684,0.94403,0.64615,1.20562,0.62934,1.50329,0.0012278,0.0012278,0.0012278
236,3618.35,0.8399,0.47776,1.06431,0.90862,0.87368,0.9229,0.64754,1.17603,0.74424,1.44763,0.0012245,0.0012245,0.0012245
237,3633.54,0.87549,0.48134,1.07969,0.90783,0.93317,0.94335,0.64525,1.27854,0.54438,1.51772,0.0012212,0.0012212,0.0012212
238,3648.75,0.86753,0.48611,1.05927,0.9079,0.93396,0.93946,0.62765,1.37157,0.69322,1.58664,0.0012179,0.0012179,0.0012179
239,3663.98,0.85956,0.50232,1.07092,0.89743,0.921,0.93484,0.63717,1.39023,0.70239,1.65192,0.0012146,0.0012146,0.0012146
240,3679.21,0.81965,0.47334,1.04957,0.91709,0.97895,0.95624,0.66012,1.20906,0.6091,1.47771,0.0012113,0.0012113,0.0012113
241,3694.38,0.84382,0.4943,1.06041,0.90771,0.93181,0.94094,0.65127,1.37343,0.62089,1.68843,0.001208,0.001208,0.001208
242,3709.56,0.84932,0.49419,1.05917,0.88742,0.9127,0.94042,0.63773,1.31261,0.62357,1.57319,0.0012047,0.0012047,0.0012047
243,3724.78,0.87963,0.5112,1.07739,0.90533,0.90602,0.94479,0.65832,1.34477,0.61054,1.68299,0.0012014,0.0012014,0.0012014
244,3740.05,0.84791,0.48102,1.06499,0.89508,0.89474,0.93813,0.64923,1.22988,0.63037,1.56742,0.0011981,0.0011981,0.0011981
245,3755.28,0.85219,0.4817,1.07527,0.86979,0.9141,0.93794,0.63801,1.2988,0.58328,1.72998,0.0011948,0.0011948,0.0011948
246,3770.54,0.85127,0.47698,1.06222,0.91576,0.91548,0.94206,0.66442,1.22381,0.57358,1.57355,0.0011915,0.0011915,0.0011915
247,3785.77,0.8768,0.49079,1.08514,0.89291,0.88421,0.9245,0.62655,1.35516,0.62203,1.71024,0.0011882,0.0011882,0.0011882
248,3800.99,0.83789,0.46841,1.05728,0.84738,0.90526,0.92038,0.63515,1.26942,0.6632,1.58941,0.0011849,0.0011849,0.0011849
249,3816.2,0.84232,0.48734,1.06809,0.90801,0.93684,0.93677,0.63891,1.31949,0.63841,1.67419,0.0011816,0.0011816,0.0011816
250,3831.46,0.83841,0.48575,1.04416,0.90798,0.93485,0.93391,0.6415,1.22495,0.61011,1.58747,0.0011783,0.0011783,0.0011783
251,3846.63,0.84073,0.4869,1.06208,0.91163,0.88421,0.91372,0.63002,1.32112,0.58807,1.69779,0.001175,0.001175,0.001175
252,3861.86,0.83896,0.49205,1.07722,0.9139,0.90526,0.93291,0.63955,1.38115,0.63737,1.74873,0.0011717,0.0011717,0.0011717
253,3877.2,0.83031,0.48668,1.06228,0.9089,0.94519,0.94937,0.6403,1.20466,0.63984,1.47122,0.0011684,0.0011684,0.0011684
254,3892.52,0.82931,0.46982,1.05361,0.9163,0.88421,0.93157,0.63489,1.17377,0.67587,1.45466,0.0011651,0.0011651,0.0011651
255,3907.77,0.82151,0.47757,1.04013,0.88852,0.95789,0.94728,0.65039,1.21147,0.66708,1.48976,0.0011618,0.0011618,0.0011618
256,3922.98,0.85534,0.48444,1.05665,0.87996,0.92601,0.92888,0.64666,1.18943,0.65615,1.47489,0.0011585,0.0011585,0.0011585
257,3938.22,0.83037,0.47836,1.05955,0.9232,0.8858,0.94907,0.6415,1.18699,0.59687,1.4401,0.0011552,0.0011552,0.0011552
258,3953.48,0.84208,0.4779,1.06223,0.85168,0.96711,0.9531,0.65149,1.17028,0.56073,1.43636,0.0011519,0.0011519,0.0011519
259,3968.72,0.85683,0.47679,1.04825,0.8774,0.92632,0.94333,0.64105,1.31868,0.63307,1.60379,0.0011486,0.0011486,0.0011486
260,3983.96,0.81951,0.49221,1.04033,0.91357,0.91579,0.94975,0.64242,1.25033,0.63684,1.506,0.0011453,0.0011453,0.0011453
261,3999.19,0.82743,0.48362,1.05175,0.88629,0.89474,0.92474,0.61055,1.32858,0.6617,1.67328,0.001142,0.001142,0.001142
262,4014.45,0.83447,0.47597,1.04352,0.90158,0.90526,0.92175,0.63031,1.33763,0.64968,1.66502,0.0011387,0.0011387,0.0011387
263,4029.64,0.80447,0.45246,1.03484,0.92107,0.88421,0.93637,0.62835,1.41401,0.61201,1.76012,0.0011354,0.0011354,0.0011354
264,4044.84,0.81257,0.45395,1.04205,0.86754,0.94737,0.94303,0.63887,1.31658,0.59046,1.6826,0.0011321,0.0011321,0.0011321
265,4060.03,0.82642,0.45962,1.0454,0.93382,0.89474,0.94373,0.66468,1.19277,0.60496,1.4969,0.0011288,0.0011288,0.0011288
266,4075.21,0.81251,0.46427,1.06119,0.84522,0.93684,0.92923,0.64945,1.16504,0.6112,1.4648,0.0011255,0.0011255,0.0011255
267,4090.44,0.83058,0.47386,1.04069,0.84447,0.93684,0.93769,0.65092,1.32469,0.56973,1.63844,0.0011222,0.0011222,0.0011222
268,4105.65,0.81814,0.45859,1.03846,0.87637,0.90526,0.92688,0.64102,1.27269,0.56832,1.73409,0.0011189,0.0011189,0.0011189
269,4120.88,0.81248,0.47048,1.04506,0.86986,0.94737,0.9563,0.66411,1.30822,0.55406,1.7209,0.0011156,0.0011156,0.0011156
270,4136.09,0.80615,0.48625,1.05702,0.88303,0.91579,0.94734,0.6717,1.30784,0.55404,1.68945,0.0011123,0.0011123,0.0011123
271,4151.34,0.81444,0.45372,1.03609,0.86321,0.92632,0.93589,0.64814,1.22608,0.55943,1.49945,0.001109,0.001109,0.001109
272,4166.52,0.83671,0.47038,1.03708,0.90517,0.93684,0.96059,0.66552,1.34414,0.58593,1.70521,0.0011057,0.0011057,0.0011057
273,4181.74,0.80774,0.45502,1.02688,0.88944,0.94737,0.94931,0.6588,1.29288,0.54427,1.64316,0.0011024,0.0011024,0.0011024
274,4196.96,0.798,0.45648,1.02994,0.89756,0.92632,0.94606,0.67112,1.26829,0.53501,1.65021,0.0010991,0.0010991,0.0010991
275,4212.26,0.80674,0.45643,1.04501,0.90459,0.93684,0.95664,0.67881,1.2581,0.51587,1.58283,0.0010958,0.0010958,0.0010958
276,4227.52,0.80637,0.46654,1.0436,0.88833,0.94737,0.93851,0.65219,1.19574,0.56584,1.48397,0.0010925,0.0010925,0.0010925
277,4242.78,0.80077,0.44734,1.02303,0.89769,0.92364,0.9347,0.65388,1.28225,0.56719,1.62168,0.0010892,0.0010892,0.0010892
278,4257.99,0.77274,0.45604,1.01288,0.92221,0.92632,0.94178,0.65187,1.30412,0.57434,1.68382,0.0010859,0.0010859,0.0010859
279,4273.25,0.80018,0.47873,1.02393,0.9059,0.91205,0.96243,0.67551,1.19225,0.58401,1.51491,0.0010826,0.0010826,0.0010826
280,4288.52,0.78764,0.45507,1.0255,0.83516,0.97895,0.95933,0.65957,1.28233,0.57992,1.71543,0.0010793,0.0010793,0.0010793
281,4303.79,0.80658,0.45723,1.04091,0.86304,0.92861,0.95427,0.65368,1.29264,0.59351,1.73733,0.001076,0.001076,0.001076
282,4319.03,0.81797,0.45544,1.0325,0.84258,0.95777,0.95679,0.65771,1.32598,0.54362,1.6855,0.0010727,0.0010727,0.0010727
283,4334.28,0.80859,0.46019,1.03628,0.84341,0.96382,0.94795,0.66,1.16885,0.56887,1.47966,0.0010694,0.0010694,0.0010694
284,4349.52,0.82437,0.4507,1.05518,0.88097,0.9349,0.9536,0.65966,1.25479,0.58063,1.53666,0.0010661,0.0010661,0.0010661
285,4364.76,0.81422,0.46111,1.03939,0.87487,0.94737,0.94891,0.66109,1.21697,0.54119,1.54141,0.0010628,0.0010628,0.0010628
286,4380.02,0.78288,0.44765,1.02938,0.9085,0.94737,0.96057,0.65714,1.29073,0.54469,1.68491,0.0010595,0.0010595,0.0010595
287,4395.25,0.80635,0.4407,1.03611,0.92029,0.92632,0.95845,0.64456,1.27486,0.56676,1.70441,0.0010562,0.0010562,0.0010562
288,4410.48,0.79202,0.46134,1.02071,0.91649,0.89474,0.96071,0.66564,1.23867,0.54115,1.63333,0.0010529,0.0010529,0.0010529
289,4425.75,0.79168,0.47137,1.02936,0.9193,0.95925,0.96409,0.65339,1.28901,0.52747,1.65582,0.0010496,0.0010496,0.0010496
290,4441.05,0.76676,0.45477,1.02774,0.87908,0.9183,0.94049,0.64257,1.36118,0.60395,1.76241,0.0010463,0.0010463,0.0010463
291,4456.32,0.79061,0.44941,1.03657,0.89754,0.92213,0.95397,0.65552,1.31944,0.58454,1.73805,0.001043,0.001043,0.001043
292,4471.54,0.79065,0.45901,1.02875,0.8554,0.94737,0.94405,0.63215,1.3021,0.59301,1.73644,0.0010397,0.0010397,0.0010397
293,4486.76,0.796,0.46258,1.03872,0.89893,0.93625,0.95629,0.65752,1.29351,0.55014,1.66553,0.0010364,0.0010364,0.0010364
294,4502.01,0.77227,0.44174,1.00924,0.89397,0.90526,0.9326,0.63663,1.30974,0.57252,1.69422,0.0010331,0.0010331,0.0010331
295,4517.27,0.78112,0.44889,1.02353,0.88221,0.95789,0.94844,0.64583,1.25221,0.59834,1.54465,0.0010298,0.0010298,0.0010298
296,4532.55,0.79085,0.43803,1.03359,0.88124,0.95789,0.94451,0.64723,1.19143,0.64795,1.51206,0.0010265,0.0010265,0.0010265
297,4547.8,0.7673,0.44064,1.03072,0.92254,0.92632,0.9444,0.64058,1.21643,0.63353,1.55608,0.0010232,0.0010232,0.0010232
298,4563.05,0.78709,0.43361,1.01752,0.90369,0.92632,0.94355,0.66276,1.16675,0.61469,1.51392,0.0010199,0.0010199,0.0010199
299,4578.32,0.77966,0.45657,1.03054,0.91004,0.90526,0.94508,0.64834,1.31528,0.56718,1.72267,0.0010166,0.0010166,0.0010166
300,4593.75,0.77499,0.44126,1.02466,0.91428,0.91579,0.94162,0.64838,1.28245,0.56692,1.64508,0.0010133,0.0010133,0.0010133
301,4608.95,0.78972,0.4503,1.0275,0.9028,0.91579,0.95035,0.66961,1.16801,0.57564,1.48227,0.00101,0.00101,0.00101
302,4624.14,0.76959,0.45215,1.03579,0.91512,0.92632,0.9573,0.66585,1.24826,0.54199,1.6434,0.0010067,0.0010067,0.0010067
303,4639.35,0.77269,0.43031,1.02015,0.91528,0.91579,0.94392,0.65152,1.32628,0.60839,1.7067,0.0010034,0.0010034,0.0010034
304,4654.55,0.78761,0.45357,1.01942,0.90964,0.90526,0.9286,0.64251,1.24866,0.58677,1.72038,0.0010001,0.0010001,0.0010001
305,4669.8,0.79093,0.46727,1.01913,0.90789,0.93384,0.9448,0.66463,1.24101,0.56917,1.70726,0.0009968,0.0009968,0.0009968
306,4684.99,0.75044,0.41981,1.01065,0.90686,0.93684,0.95543,0.67003,1.22946,0.53602,1.64373,0.0009935,0.0009935,0.0009935
307,4700.2,0.77898,0.43858,1.02333,0.91307,0.92632,0.95152,0.66674,1.22166,0.52205,1.63705,0.0009902,0.0009902,0.0009902
308,4715.44,0.76959,0.44656,1.02102,0.92463,0.90401,0.94718,0.6438,1.27033,0.57939,1.73347,0.0009869,0.0009869,0.0009869
309,4730.64,0.72416,0.41775,1.00761,0.89928,0.93985,0.94277,0.65262,1.23921,0.56272,1.66841,0.0009836,0.0009836,0.0009836
310,4745.91,0.76921,0.4392,1.01156,0.88585,0.95789,0.94028,0.65802,1.20307,0.54739,1.65465,0.0009803,0.0009803,0.0009803
311,4761.11,0.76319,0.4243,1.01205,0.89077,0.94432,0.94516,0.67791,1.19209,0.54264,1.62324,0.000977,0.000977,0.000977
312,4776.33,0.76219,0.44451,1.02281,0.92541,0.91419,0.94785,0.68055,1.21309,0.52212,1.62356,0.0009737,0.0009737,0.0009737
313,4791.64,0.76584,0.42604,1.01211,0.90901,0.94645,0.95672,0.67714,1.29891,0.54953,1.68791,0.0009704,0.0009704,0.0009704
314,4806.84,0.76824,0.43911,1.00779,0.88054,0.93111,0.93929,0.65946,1.25253,0.58184,1.69165,0.0009671,0.0009671,0.0009671
315,4822.16,0.75922,0.42902,1.00267,0.90846,0.95789,0.94447,0.6516,1.28351,0.56689,1.73104,0.0009638,0.0009638,0.0009638
316,4837.4,0.78158,0.44504,1.02949,0.91723,0.93325,0.95544,0.66082,1.29194,0.59929,1.75026,0.0009605,0.0009605,0.0009605
317,4852.71,0.7759,0.44328,1.00872,0.86773,0.96683,0.95509,0.65692,1.2407,0.55901,1.6546,0.0009572,0.0009572,0.0009572
318,4867.9,0.74051,0.42164,1.00022,0.92396,0.8954,0.94819,0.66217,1.18652,0.55116,1.58787,0.0009539,0.0009539,0.0009539
319,4883.13,0.75067,0.44384,1.01455,0.94487,0.90205,0.95456,0.6755,1.29356,0.53257,1.66409,0.0009506,0.0009506,0.0009506
320,4898.37,0.77349,0.43269,1.00411,0.91121,0.86425,0.95209,0.66073,1.35338,0.59733,1.77604,0.0009473,0.0009473,0.0009473
321,4913.56,0.74994,0.41833,0.9926,0.88329,0.95597,0.95194,0.67516,1.2773,0.56174,1.71158,0.000944,0.000944,0.000944
322,4928.75,0.73536,0.44759,0.99781,0.89087,0.94528,0.94671,0.66905,1.235,0.53344,1.64685,0.0009407,0.0009407,0.0009407
323,4943.96,0.74161,0.4348,1.00613,0.87229,0.95789,0.95588,0.66268,1.18868,0.51218,1.58985,0.0009374,0.0009374,0.0009374
324,4959.17,0.74721,0.42744,1.00251,0.92761,0.88421,0.94836,0.6795,1.19381,0.51548,1.62774,0.0009341,0.0009341,0.0009341
325,4974.37,0.74652,0.43,0.99758,0.88705,0.92632,0.9479,0.66973,1.24698,0.51682,1.70511,0.0009308,0.0009308,0.0009308
326,4989.54,0.75151,0.44745,1.01646,0.92404,0.89642,0.94704,0.67341,1.27665,0.55381,1.74265,0.0009275,0.0009275,0.0009275
327,5004.72,0.74158,0.43175,1.00868,0.86763,0.92632,0.93923,0.66793,1.22934,0.564,1.68084,0.0009242,0.0009242,0.0009242
328,5019.92,0.72298,0.41478,0.99931,0.88802,0.91821,0.94768,0.66953,1.23267,0.54768,1.63593,0.0009209,0.0009209,0.0009209
329,5035.16,0.75676,0.43194,1.01144,0.9139,0.89381,0.94698,0.66698,1.29555,0.58499,1.68799,0.0009176,0.0009176,0.0009176
330,5050.38,0.73213,0.42068,0.99176,0.93824,0.89474,0.94153,0.65353,1.32396,0.58547,1.76128,0.0009143,0.0009143,0.0009143
331,5065.62,0.75133,0.4314,1.01202,0.90691,0.92293,0.94711,0.66203,1.29447,0.5913,1.74123,0.000911,0.000911,0.000911
332,5080.84,0.73738,0.41559,0.98901,0.86365,0.93349,0.94244,0.66839,1.3025,0.58646,1.74359,0.0009077,0.0009077,0.0009077
333,5096.13,0.74208,0.41828,1.01488,0.91252,0.90526,0.95348,0.66083,1.25285,0.55914,1.70717,0.0009044,0.0009044,0.0009044
334,5111.32,0.71214,0.41667,1.01734,0.92383,0.94737,0.9621,0.66322,1.24812,0.54939,1.76356,0.0009011,0.0009011,0.0009011
335,5126.59,0.7352,0.40857,1.01168,0.90275,0.92632,0.95152,0.66597,1.25173,0.56835,1.75557,0.0008978,0.0008978,0.0008978
336,5141.85,0.73013,0.42268,0.9893,0.89999,0.94724,0.9549,0.67903,1.21183,0.56822,1.58626,0.0008945,0.0008945,0.0008945
337,5157.2,0.73318,0.41705,1.01675,0.9139,0.91579,0.93417,0.65897,1.10618,0.57329,1.44462,0.0008912,0.0008912,0.0008912
338,5172.5,0.73873,0.42629,1.00503,0.92764,0.94468,0.95635,0.65442,1.28577,0.5494,1.73219,0.0008879,0.0008879,0.0008879
339,5187.78,0.73052,0.41887,0.97752,0.90593,0.93684,0.95247,0.66315,1.24171,0.54716,1.69726,0.0008846,0.0008846,0.0008846
340,5202.99,0.7274,0.40678,0.97822,0.92573,0.91849,0.95613,0.65717,1.30439,0.57683,1.73332,0.0008813,0.0008813,0.0008813
341,5218.22,0.72887,0.40818,0.99236,0.92567,0.91759,0.94389,0.65224,1.27671,0.51919,1.71924,0.000878,0.000878,0.000878
342,5233.4,0.72292,0.41148,0.98529,0.91822,0.9455,0.94436,0.66109,1.25738,0.51838,1.72016,0.0008747,0.0008747,0.0008747
343,5248.6,0.74514,0.43342,1.02391,0.92396,0.95789,0.95937,0.65706,1.2747,0.55179,1.745,0.0008714,0.0008714,0.0008714
344,5263.83,0.73005,0.42181,0.99495,0.9373,0.94411,0.95872,0.64981,1.29343,0.56457,1.78391,0.0008681,0.0008681,0.0008681
345,5279.08,0.7442,0.42145,0.99988,0.93816,0.93684,0.95518,0.64431,1.29277,0.53676,1.79239,0.0008648,0.0008648,0.0008648
346,5294.3,0.70697,0.39864,0.99786,0.93495,0.93684,0.96397,0.67173,1.25761,0.5427,1.77501,0.0008615,0.0008615,0.0008615
347,5309.54,0.73886,0.42451,1.00126,0.94622,0.926,0.94543,0.66102,1.25577,0.53933,1.7706,0.0008582,0.0008582,0.0008582
348,5324.75,0.70389,0.4141,0.99669,0.92687,0.93394,0.94898,0.66171,1.25845,0.55192,1.76321,0.0008549,0.0008549,0.0008549
349,5339.97,0.74432,0.42532,1.01265,0.93605,0.92632,0.955,0.66899,1.25395,0.5468,1.77928,0.0008516,0.0008516,0.0008516
350,5355.17,0.71251,0.41068,1.00452,0.94176,0.92632,0.96178,0.66129,1.28722,0.5437,1.79535,0.0008483,0.0008483,0.0008483
351,5370.35,0.73103,0.41049,0.99404,0.89907,0.95789,0.95899,0.65849,1.3093,0.55148,1.83775,0.000845,0.000845,0.000845
352,5385.54,0.70412,0.40218,0.98107,0.93437,0.91579,0.94935,0.65369,1.28769,0.53152,1.73769,0.0008417,0.0008417,0.0008417
353,5400.72,0.75904,0.44316,1.03626,0.89828,0.90526,0.92633,0.65063,1.23162,0.5407,1.63879,0.0008384,0.0008384,0.0008384
354,5415.93,0.73033,0.41792,1.00857,0.92908,0.89474,0.94757,0.67281,1.20506,0.54612,1.6092,0.0008351,0.0008351,0.0008351
355,5431.14,0.73164,0.4223,0.99876,0.87603,0.96704,0.94977,0.66962,1.24066,0.5583,1.6312,0.0008318,0.0008318,0.0008318
356,5446.32,0.72455,0.41066,0.99303,0.9074,0.92837,0.95373,0.67554,1.21915,0.56845,1.68394,0.0008285,0.0008285,0.0008285
357,5461.51,0.70719,0.40915,0.98173,0.91586,0.91665,0.95288,0.68164,1.22694,0.5405,1.69009,0.0008252,0.0008252,0.0008252
358,5476.79,0.71692,0.40748,0.99321,0.91655,0.92489,0.95451,0.67713,1.2141,0.5478,1.68352,0.0008219,0.0008219,0.0008219
359,5491.97,0.69406,0.41068,0.97833,0.91633,0.92225,0.95772,0.66392,1.22939,0.54683,1.70189,0.0008186,0.0008186,0.0008186
360,5507.24,0.70615,0.39782,0.97394,0.91568,0.91455,0.94475,0.6607,1.22871,0.54736,1.71962,0.0008153,0.0008153,0.0008153
361,5522.57,0.7145,0.41338,0.98489,0.918,0.89474,0.93941,0.65205,1.23261,0.56671,1.71927,0.000812,0.000812,0.000812
362,5537.77,0.71026,0.40437,0.99317,0.87656,0.91579,0.9407,0.64922,1.26318,0.56279,1.75485,0.0008087,0.0008087,0.0008087
363,5552.97,0.7135,0.4092,0.98861,0.85704,0.95789,0.94324,0.65675,1.27902,0.55805,1.73218,0.0008054,0.0008054,0.0008054
364,5568.19,0.69496,0.40738,0.97573,0.87243,0.93589,0.93671,0.66016,1.28813,0.57767,1.73625,0.0008021,0.0008021,0.0008021
365,5583.4,0.73829,0.42087,0.99768,0.9184,0.91579,0.95399,0.66535,1.25158,0.55469,1.74117,0.0007988,0.0007988,0.0007988
366,5598.61,0.69013,0.41549,0.98509,0.91712,0.93191,0.95193,0.66939,1.26698,0.54972,1.69242,0.0007955,0.0007955,0.0007955
367,5613.83,0.74339,0.41821,0.98911,0.92636,0.94737,0.96385,0.67763,1.23258,0.5362,1.67143,0.0007922,0.0007922,0.0007922
368,5629.02,0.70274,0.41578,0.97839,0.90794,0.94737,0.96064,0.67732,1.24759,0.51949,1.66988,0.0007889,0.0007889,0.0007889
369,5644.22,0.68159,0.40131,0.97794,0.92779,0.94671,0.96286,0.68195,1.21498,0.5202,1.67136,0.0007856,0.0007856,0.0007856
370,5659.49,0.71192,0.41061,0.97883,0.94603,0.92262,0.9555,0.67628,1.21268,0.51473,1.69961,0.0007823,0.0007823,0.0007823
371,5674.65,0.68843,0.39538,0.97736,0.94308,0.92632,0.96737,0.68029,1.19117,0.51207,1.65759,0.000779,0.000779,0.000779
372,5689.99,0.71767,0.4114,0.99716,0.93648,0.90526,0.95835,0.67555,1.19688,0.51728,1.59886,0.0007757,0.0007757,0.0007757
373,5705.17,0.69878,0.40309,1.00604,0.90682,0.92198,0.95173,0.6742,1.16047,0.53239,1.56222,0.0007724,0.0007724,0.0007724
374,5720.35,0.71342,0.40173,0.9887,0.89743,0.94737,0.9475,0.67736,1.17363,0.51917,1.55735,0.0007691,0.0007691,0.0007691
375,5735.56,0.70056,0.41279,0.97765,0.9189,0.95414,0.95203,0.67743,1.1934,0.53593,1.53542,0.0007658,0.0007658,0.0007658
376,5750.77,0.68149,0.40397,0.96628,0.92772,0.95789,0.95838,0.66709,1.2413,0.52248,1.59179,0.0007625,0.0007625,0.0007625
377,5766.12,0.70118,0.41692,0.98439,0.93402,0.92632,0.95612,0.6727,1.27229,0.51156,1.70836,0.0007592,0.0007592,0.0007592
378,5781.32,0.67894,0.40473,0.9899,0.93331,0.93684,0.95671,0.67275,1.27194,0.51381,1.7422,0.0007559,0.0007559,0.0007559
379,5796.52,0.67624,0.39634,0.96098,0.91686,0.92864,0.95487,0.67452,1.25072,0.5174,1.70135,0.0007526,0.0007526,0.0007526
380,5811.71,0.67445,0.4009,0.96736,0.94598,0.92173,0.9582,0.67942,1.20723,0.51484,1.64742,0.0007493,0.0007493,0.0007493
381,5826.92,0.6982,0.40967,0.97959,0.91693,0.94737,0.96322,0.68133,1.23315,0.50362,1.66561,0.000746,0.000746,0.000746
382,5842.25,0.68616,0.39347,0.97834,0.93622,0.94737,0.96678,0.67945,1.21745,0.49467,1.65996,0.0007427,0.0007427,0.0007427
383,5857.47,0.6858,0.4016,0.98088,0.91925,0.96842,0.965,0.68237,1.21947,0.50148,1.66758,0.0007394,0.0007394,0.0007394
384,5872.86,0.70004,0.39739,0.99511,0.92561,0.96842,0.96475,0.67906,1.22169,0.49552,1.70913,0.0007361,0.0007361,0.0007361
385,5888.07,0.6824,0.41794,0.98036,0.93713,0.94737,0.96579,0.67801,1.25468,0.50683,1.71542,0.0007328,0.0007328,0.0007328
386,5903.25,0.67937,0.41761,0.96467,0.95585,0.9117,0.96324,0.67933,1.20807,0.49563,1.63,0.0007295,0.0007295,0.0007295
387,5918.42,0.65871,0.37497,0.96917,0.89028,0.97895,0.96411,0.67925,1.18687,0.49356,1.63298,0.0007262,0.0007262,0.0007262
388,5933.64,0.69053,0.41311,0.99581,0.92112,0.93684,0.95835,0.67074,1.19393,0.50353,1.65082,0.0007229,0.0007229,0.0007229
389,5948.84,0.66334,0.38079,0.97608,0.94667,0.93423,0.95714,0.66584,1.27726,0.52158,1.70139,0.0007196,0.0007196,0.0007196
390,5964.04,0.69126,0.40018,0.98135,0.91837,0.94736,0.95223,0.6705,1.2769,0.52807,1.61536,0.0007163,0.0007163,0.0007163
391,5979.27,0.6965,0.4049,0.98481,0.956,0.91483,0.94884,0.67088,1.20464,0.52567,1.5589,0.000713,0.000713,0.000713
392,5994.47,0.64251,0.38414,0.96059,0.95558,0.90582,0.95076,0.66452,1.27013,0.51811,1.67468,0.0007097,0.0007097,0.0007097
393,6009.7,0.67813,0.39622,0.96626,0.9071,0.92504,0.94812,0.65883,1.26042,0.5192,1.66036,0.0007064,0.0007064,0.0007064
394,6024.87,0.68504,0.39112,0.98355,0.93745,0.92632,0.94855,0.66818,1.2394,0.52604,1.65845,0.0007031,0.0007031,0.0007031
395,6040.07,0.68783,0.38404,0.9787,0.92348,0.91579,0.94919,0.66843,1.23641,0.53615,1.66865,0.0006998,0.0006998,0.0006998
396,6055.26,0.67839,0.39295,0.97595,0.92059,0.90526,0.94683,0.6713,1.25014,0.5385,1.6693,0.0006965,0.0006965,0.0006965
397,6070.44,0.66436,0.38562,0.97907,0.93476,0.90488,0.94053,0.66368,1.27429,0.54193,1.69188,0.0006932,0.0006932,0.0006932
398,6085.71,0.65526,0.38679,0.95292,0.90489,0.92632,0.9471,0.66553,1.25272,0.53196,1.66437,0.0006899,0.0006899,0.0006899
399,6100.89,0.68865,0.3932,0.96191,0.92535,0.91344,0.95051,0.66483,1.24559,0.51139,1.66819,0.0006866,0.0006866,0.0006866
400,6116.09,0.66649,0.38477,0.96537,0.9462,0.92563,0.95799,0.6704,1.24088,0.50069,1.65459,0.0006833,0.0006833,0.0006833
401,6131.24,0.65859,0.38474,0.97109,0.9168,0.95789,0.95453,0.66858,1.24141,0.51109,1.6469,0.00068,0.00068,0.00068
402,6146.43,0.66554,0.38643,0.96919,0.93669,0.93684,0.95167,0.66708,1.25223,0.51902,1.6821,0.0006767,0.0006767,0.0006767
403,6161.62,0.66993,0.3976,0.96807,0.92696,0.93515,0.95175,0.6716,1.27161,0.51713,1.69606,0.0006734,0.0006734,0.0006734
404,6176.85,0.67284,0.40827,0.98455,0.8977,0.94737,0.95017,0.66823,1.25671,0.51197,1.67289,0.0006701,0.0006701,0.0006701
405,6192.12,0.68747,0.419,0.97925,0.90597,0.93684,0.95221,0.66999,1.2345,0.50398,1.65495,0.0006668,0.0006668,0.0006668
406,6207.41,0.66541,0.38537,0.9643,0.9258,0.92632,0.95536,0.67904,1.19507,0.49624,1.65205,0.0006635,0.0006635,0.0006635
407,6222.66,0.66604,0.39942,0.97475,0.91829,0.94634,0.95807,0.69127,1.22556,0.49435,1.65342,0.0006602,0.0006602,0.0006602
408,6237.99,0.686,0.39886,0.98113,0.91728,0.93381,0.95593,0.6739,1.22777,0.52132,1.67137,0.0006569,0.0006569,0.0006569
409,6253.22,0.68411,0.40377,0.98028,0.90533,0.90601,0.95177,0.67743,1.2165,0.54161,1.68418,0.0006536,0.0006536,0.0006536
410,6268.41,0.66385,0.38711,0.96467,0.89799,0.94737,0.95395,0.67028,1.23306,0.53945,1.7554,0.0006503,0.0006503,0.0006503
411,6283.6,0.67606,0.38473,0.96213,0.89968,0.94408,0.95236,0.67238,1.25118,0.5437,1.77084,0.000647,0.000647,0.000647
412,6298.8,0.64817,0.38134,0.9561,0.91627,0.93684,0.95405,0.6702,1.21852,0.51245,1.7318,0.0006437,0.0006437,0.0006437
413,6314.04,0.63115,0.3659,0.94641,0.9089,0.94522,0.94694,0.67444,1.20969,0.51339,1.71736,0.0006404,0.0006404,0.0006404
414,6329.22,0.64307,0.37926,0.94453,0.9244,0.91579,0.94542,0.67377,1.23053,0.51907,1.7287,0.0006371,0.0006371,0.0006371
415,6344.42,0.6369,0.37043,0.94987,0.92186,0.91579,0.95088,0.68099,1.23378,0.51885,1.70467,0.0006338,0.0006338,0.0006338
416,6359.65,0.66517,0.37622,0.96165,0.91352,0.92632,0.9574,0.68153,1.22469,0.50898,1.67845,0.0006305,0.0006305,0.0006305
417,6374.82,0.66035,0.38437,0.97698,0.9358,0.9207,0.9613,0.68101,1.25245,0.51865,1.69186,0.0006272,0.0006272,0.0006272
418,6390.04,0.65428,0.38973,0.96955,0.91586,0.91659,0.96036,0.6776,1.25463,0.52758,1.67672,0.0006239,0.0006239,0.0006239
419,6405.25,0.64634,0.37387,0.95106,0.88325,0.95568,0.95665,0.68637,1.25183,0.52184,1.65601,0.0006206,0.0006206,0.0006206
420,6420.46,0.65997,0.37836,0.97403,0.88255,0.94919,0.95931,0.68116,1.23599,0.55823,1.64318,0.0006173,0.0006173,0.0006173
421,6435.65,0.66617,0.38357,0.98746,0.88774,0.95789,0.96054,0.67448,1.2499,0.55158,1.67589,0.000614,0.000614,0.000614
422,6450.85,0.6364,0.38034,0.95427,0.95415,0.89474,0.95481,0.67616,1.25214,0.53693,1.68608,0.0006107,0.0006107,0.0006107
423,6466.05,0.65446,0.3809,0.94913,0.89973,0.94458,0.95221,0.67375,1.23445,0.5318,1.6383,0.0006074,0.0006074,0.0006074
424,6481.24,0.65595,0.38577,0.96644,0.92619,0.92463,0.95223,0.67396,1.22966,0.52128,1.62719,0.0006041,0.0006041,0.0006041
425,6496.42,0.64345,0.37757,0.96371,0.92598,0.92186,0.95608,0.67568,1.22429,0.52335,1.63274,0.0006008,0.0006008,0.0006008
426,6511.66,0.67142,0.38702,0.96849,0.90743,0.93684,0.954,0.67555,1.23969,0.53139,1.65152,0.0005975,0.0005975,0.0005975
427,6526.9,0.63883,0.37149,0.95695,0.91581,0.94737,0.95758,0.68115,1.24216,0.52339,1.6359,0.0005942,0.0005942,0.0005942
428,6542.2,0.64787,0.36943,0.96425,0.90899,0.94622,0.95664,0.67686,1.19374,0.52394,1.5711,0.0005909,0.0005909,0.0005909
429,6557.45,0.6381,0.37916,0.95531,0.94278,0.90526,0.94228,0.67076,1.17315,0.52856,1.55118,0.0005876,0.0005876,0.0005876
430,6572.73,0.64245,0.3808,0.95053,0.95129,0.89474,0.95125,0.67085,1.1868,0.51908,1.6279,0.0005843,0.0005843,0.0005843
431,6587.97,0.68035,0.40472,0.96397,0.89073,0.94737,0.95478,0.6738,1.20212,0.51998,1.65058,0.000581,0.000581,0.000581
432,6603.21,0.63012,0.37253,0.95081,0.92496,0.90526,0.95599,0.6683,1.23608,0.51219,1.69764,0.0005777,0.0005777,0.0005777
433,6618.43,0.63873,0.38876,0.95686,0.94087,0.89474,0.95458,0.6658,1.24685,0.51079,1.71829,0.0005744,0.0005744,0.0005744
434,6633.63,0.66118,0.3886,0.97535,0.94045,0.90526,0.95768,0.67122,1.24089,0.52809,1.73065,0.0005711,0.0005711,0.0005711
435,6648.83,0.62673,0.36161,0.94586,0.91821,0.94737,0.96424,0.6753,1.22688,0.49965,1.71757,0.0005678,0.0005678,0.0005678
436,6664.01,0.63537,0.37136,0.95124,0.90979,0.95548,0.95615,0.67395,1.23111,0.50311,1.73598,0.0005645,0.0005645,0.0005645
437,6679.2,0.66109,0.38701,0.96886,0.90887,0.95789,0.96068,0.6806,1.22608,0.4961,1.72496,0.0005612,0.0005612,0.0005612
438,6694.4,0.63988,0.38068,0.97258,0.90456,0.94737,0.95537,0.67501,1.25723,0.5214,1.7594,0.0005579,0.0005579,0.0005579
439,6709.6,0.66569,0.38233,0.97063,0.91488,0.92632,0.95531,0.66728,1.26515,0.53362,1.74779,0.0005546,0.0005546,0.0005546
440,6724.82,0.65044,0.36763,0.9628,0.92206,0.92632,0.9546,0.67083,1.2469,0.53133,1.68189,0.0005513,0.0005513,0.0005513
441,6740.02,0.64886,0.37792,0.97363,0.90802,0.93527,0.95453,0.67863,1.17814,0.53666,1.55572,0.000548,0.000548,0.000548
442,6755.24,0.63284,0.37068,0.93909,0.90651,0.94737,0.95676,0.67448,1.19062,0.53398,1.56634,0.0005447,0.0005447,0.0005447
443,6770.43,0.64389,0.38244,0.96236,0.9057,0.93684,0.95563,0.67781,1.15262,0.53268,1.51691,0.0005414,0.0005414,0.0005414
444,6785.63,0.63235,0.3745,0.94543,0.93475,0.90474,0.95588,0.68048,1.14352,0.53523,1.49176,0.0005381,0.0005381,0.0005381
445,6800.82,0.62752,0.37017,0.95069,0.94378,0.90526,0.95859,0.68157,1.12545,0.51864,1.47712,0.0005348,0.0005348,0.0005348
446,6816.03,0.62304,0.36419,0.95212,0.94197,0.91579,0.95991,0.68718,1.13113,0.51681,1.48004,0.0005315,0.0005315,0.0005315
447,6831.22,0.62945,0.37954,0.95035,0.89942,0.93684,0.95251,0.68283,1.15666,0.52437,1.51537,0.0005282,0.0005282,0.0005282
448,6846.41,0.6485,0.38144,0.96575,0.94345,0.88421,0.95186,0.67462,1.14232,0.53441,1.50144,0.0005249,0.0005249,0.0005249
449,6861.59,0.61921,0.36437,0.95779,0.88717,0.93684,0.95403,0.67429,1.12908,0.52826,1.49356,0.0005216,0.0005216,0.0005216
450,6876.85,0.62786,0.37691,0.95131,0.89466,0.94737,0.95716,0.67488,1.11185,0.52051,1.46927,0.0005183,0.0005183,0.0005183
451,6892.13,0.64024,0.37277,0.95362,0.89036,0.94029,0.95762,0.67478,1.09907,0.53732,1.45912,0.000515,0.000515,0.000515
452,6907.4,0.62821,0.37428,0.94399,0.89102,0.94666,0.95826,0.66708,1.12483,0.55132,1.49425,0.0005117,0.0005117,0.0005117
453,6922.67,0.60756,0.357,0.95048,0.91816,0.94477,0.96034,0.67148,1.16309,0.56821,1.54544,0.0005084,0.0005084,0.0005084
454,6937.88,0.63555,0.36619,0.94507,0.91807,0.94737,0.96013,0.67002,1.1676,0.55705,1.54618,0.0005051,0.0005051,0.0005051
455,6953.12,0.59895,0.34589,0.94351,0.91913,0.95707,0.96118,0.66958,1.18541,0.54399,1.57203,0.0005018,0.0005018,0.0005018
456,6968.31,0.63514,0.37933,0.95156,0.91893,0.95457,0.96241,0.66057,1.15917,0.55592,1.54673,0.0004985,0.0004985,0.0004985
457,6983.51,0.6058,0.36266,0.94709,0.94985,0.91579,0.96036,0.66597,1.13607,0.55968,1.51552,0.0004952,0.0004952,0.0004952
458,6998.71,0.65057,0.38261,0.96772,0.95576,0.92632,0.96071,0.67204,1.12491,0.55976,1.50413,0.0004919,0.0004919,0.0004919
459,7013.93,0.61718,0.36665,0.95278,0.8998,0.94737,0.95823,0.67199,1.12184,0.56074,1.5105,0.0004886,0.0004886,0.0004886
460,7029.15,0.62061,0.36015,0.94418,0.90812,0.93641,0.95182,0.67193,1.11939,0.57008,1.51422,0.0004853,0.0004853,0.0004853
461,7044.34,0.6085,0.35784,0.94238,0.89967,0.94394,0.95328,0.67311,1.11323,0.56288,1.51542,0.000482,0.000482,0.000482
462,7059.55,0.61474,0.36016,0.94835,0.90803,0.93541,0.95201,0.66802,1.13072,0.57538,1.53607,0.0004787,0.0004787,0.0004787
463,7074.77,0.60171,0.3542,0.94967,0.89728,0.93684,0.95068,0.67035,1.12888,0.58887,1.53104,0.0004754,0.0004754,0.0004754
464,7089.94,0.64279,0.38298,0.9634,0.94132,0.90526,0.94551,0.66757,1.11659,0.5912,1.51394,0.0004721,0.0004721,0.0004721
465,7105.14,0.61112,0.35589,0.94279,0.89974,0.94467,0.94995,0.6748,1.12392,0.57693,1.52062,0.0004688,0.0004688,0.0004688
466,7120.33,0.5927,0.36532,0.9306,0.92454,0.90278,0.95013,0.67468,1.13677,0.56708,1.52018,0.0004655,0.0004655,0.0004655
467,7135.52,0.60603,0.35773,0.93927,0.93328,0.88342,0.94775,0.66988,1.1943,0.57451,1.57872,0.0004622,0.0004622,0.0004622
468,7150.71,0.61001,0.356,0.94155,0.931,0.88421,0.9441,0.66565,1.25699,0.55362,1.71495,0.0004589,0.0004589,0.0004589
469,7165.9,0.59627,0.35577,0.93813,0.92471,0.90504,0.94254,0.6651,1.25368,0.53648,1.70645,0.0004556,0.0004556,0.0004556
470,7181.1,0.63556,0.38546,0.95906,0.93181,0.89474,0.94316,0.66853,1.20247,0.55801,1.61787,0.0004523,0.0004523,0.0004523
471,7196.26,0.61087,0.3751,0.96015,0.95446,0.88244,0.94377,0.67126,1.1724,0.56375,1.57213,0.000449,0.000449,0.000449
472,7211.53,0.60835,0.35654,0.95607,0.95311,0.88421,0.94757,0.66625,1.18863,0.55361,1.60014,0.0004457,0.0004457,0.0004457
473,7226.74,0.59873,0.35144,0.93625,0.9536,0.88421,0.94876,0.66321,1.17904,0.56181,1.59332,0.0004424,0.0004424,0.0004424
474,7241.95,0.61032,0.36464,0.94794,0.93385,0.90526,0.95301,0.66522,1.18292,0.55827,1.6099,0.0004391,0.0004391,0.0004391
475,7257.23,0.6034,0.35571,0.93933,0.93446,0.91579,0.95011,0.66408,1.22995,0.54183,1.66911,0.0004358,0.0004358,0.0004358
476,7272.5,0.61603,0.37062,0.94178,0.93195,0.90526,0.95103,0.66494,1.22991,0.52085,1.67553,0.0004325,0.0004325,0.0004325
477,7287.71,0.57262,0.3431,0.92675,0.93624,0.90526,0.94671,0.6668,1.23815,0.55,1.65684,0.0004292,0.0004292,0.0004292
478,7302.95,0.59597,0.35211,0.94635,0.94244,0.90526,0.94465,0.66496,1.24362,0.52714,1.66674,0.0004259,0.0004259,0.0004259
479,7318.15,0.58936,0.34707,0.9481,0.9438,0.90526,0.94353,0.65927,1.23376,0.51436,1.67554,0.0004226,0.0004226,0.0004226
480,7333.41,0.61667,0.36264,0.94476,0.91615,0.92632,0.94374,0.65808,1.24065,0.51743,1.71135,0.0004193,0.0004193,0.0004193
481,7348.59,0.59213,0.34537,0.93245,0.90138,0.92632,0.94061,0.66224,1.22038,0.5128,1.68244,0.000416,0.000416,0.000416
482,7363.8,0.60466,0.3636,0.94464,0.89759,0.92263,0.94073,0.66682,1.20744,0.524,1.67698,0.0004127,0.0004127,0.0004127
483,7379,0.61842,0.37511,0.9472,0.88084,0.93373,0.9396,0.66348,1.21674,0.55616,1.68468,0.0004094,0.0004094,0.0004094
484,7394.22,0.60377,0.3595,0.94391,0.88766,0.91494,0.93386,0.65426,1.20128,0.57133,1.64785,0.0004061,0.0004061,0.0004061
485,7409.42,0.59012,0.35513,0.94185,0.92893,0.87368,0.93324,0.65586,1.19777,0.56388,1.64419,0.0004028,0.0004028,0.0004028
486,7424.64,0.59037,0.35745,0.93436,0.87015,0.93684,0.93062,0.65554,1.24984,0.56069,1.71934,0.0003995,0.0003995,0.0003995
487,7439.83,0.6037,0.37871,0.94672,0.90504,0.90297,0.9324,0.65219,1.24782,0.5641,1.72106,0.0003962,0.0003962,0.0003962
488,7455.01,0.59797,0.36017,0.93941,0.91145,0.89474,0.93125,0.65488,1.23538,0.55521,1.71382,0.0003929,0.0003929,0.0003929
489,7470.2,0.59729,0.35422,0.94015,0.91256,0.89474,0.93241,0.65333,1.2495,0.54793,1.72373,0.0003896,0.0003896,0.0003896
490,7485.36,0.5829,0.36269,0.92482,0.88793,0.92632,0.93603,0.66501,1.25892,0.55425,1.74147,0.0003863,0.0003863,0.0003863
491,7500.56,0.58633,0.34492,0.92999,0.88704,0.92632,0.93595,0.66775,1.25368,0.54982,1.75601,0.000383,0.000383,0.000383
492,7515.77,0.60166,0.35635,0.93334,0.88865,0.92405,0.94228,0.66984,1.28025,0.55187,1.80389,0.0003797,0.0003797,0.0003797
493,7530.96,0.59321,0.35395,0.93612,0.87933,0.92632,0.94216,0.66793,1.27132,0.53861,1.78638,0.0003764,0.0003764,0.0003764
494,7546.16,0.59337,0.35331,0.93546,0.91753,0.88421,0.94356,0.67491,1.25339,0.53541,1.76654,0.0003731,0.0003731,0.0003731
495,7561.35,0.58761,0.36854,0.93386,0.92963,0.88421,0.94394,0.67853,1.23784,0.52724,1.75475,0.0003698,0.0003698,0.0003698
496,7576.55,0.59284,0.35888,0.91941,0.92849,0.88421,0.94426,0.67367,1.24595,0.52867,1.77326,0.0003665,0.0003665,0.0003665
497,7591.79,0.5886,0.35544,0.93282,0.93218,0.88421,0.9413,0.66965,1.24018,0.53397,1.77594,0.0003632,0.0003632,0.0003632
498,7607.04,0.5768,0.34853,0.92903,0.92903,0.88421,0.9448,0.67336,1.25517,0.53788,1.80466,0.0003599,0.0003599,0.0003599
499,7622.41,0.57252,0.34619,0.92294,0.91474,0.90353,0.94592,0.6747,1.26913,0.54093,1.82633,0.0003566,0.0003566,0.0003566
500,7637.66,0.56157,0.34328,0.91793,0.9146,0.90184,0.94473,0.66729,1.25995,0.5479,1.82137,0.0003533,0.0003533,0.0003533
501,7652.99,0.57576,0.34364,0.92964,0.90569,0.90985,0.9452,0.67179,1.2625,0.5436,1.8535,0.00035,0.00035,0.00035
502,7668.45,0.58146,0.34863,0.9289,0.90525,0.90511,0.94505,0.66511,1.25401,0.54154,1.83807,0.0003467,0.0003467,0.0003467
503,7683.62,0.57349,0.34052,0.93391,0.90725,0.92667,0.9492,0.67136,1.25538,0.54065,1.83482,0.0003434,0.0003434,0.0003434
504,7698.8,0.5906,0.36452,0.93218,0.89356,0.92632,0.94922,0.67427,1.26823,0.53239,1.83005,0.0003401,0.0003401,0.0003401
505,7713.95,0.55988,0.33994,0.91275,0.89813,0.93684,0.95389,0.66971,1.25791,0.53294,1.81897,0.0003368,0.0003368,0.0003368
506,7729.16,0.5874,0.34985,0.92775,0.87357,0.95789,0.95308,0.67221,1.24972,0.53479,1.78742,0.0003335,0.0003335,0.0003335
507,7744.33,0.59444,0.34244,0.93229,0.87024,0.95789,0.95099,0.67567,1.25729,0.52759,1.77416,0.0003302,0.0003302,0.0003302
508,7759.51,0.57618,0.35121,0.92988,0.92388,0.89429,0.95059,0.67254,1.2601,0.52966,1.76046,0.0003269,0.0003269,0.0003269
509,7774.68,0.58807,0.36207,0.92581,0.90602,0.91334,0.95013,0.6709,1.25978,0.52968,1.7559,0.0003236,0.0003236,0.0003236
510,7789.88,0.56333,0.3372,0.92383,0.86978,0.94737,0.95107,0.66644,1.26152,0.52864,1.73974,0.0003203,0.0003203,0.0003203
511,7805.04,0.57305,0.34384,0.91518,0.87408,0.95789,0.95442,0.66347,1.26178,0.53246,1.72249,0.000317,0.000317,0.000317
512,7820.21,0.5686,0.34199,0.93521,0.88034,0.94737,0.95239,0.66566,1.25537,0.52979,1.69097,0.0003137,0.0003137,0.0003137
513,7835.39,0.57325,0.34217,0.92382,0.89071,0.94737,0.9516,0.66368,1.23331,0.5318,1.65636,0.0003104,0.0003104,0.0003104
514,7850.62,0.58234,0.3356,0.91363,0.88741,0.94737,0.95113,0.6664,1.25238,0.53512,1.68793,0.0003071,0.0003071,0.0003071
515,7865.77,0.57076,0.3439,0.92724,0.88724,0.94737,0.94904,0.66305,1.25862,0.53327,1.7091,0.0003038,0.0003038,0.0003038
516,7880.95,0.56662,0.33729,0.91862,0.88949,0.94737,0.94566,0.66079,1.27275,0.52901,1.73057,0.0003005,0.0003005,0.0003005
517,7896.14,0.56131,0.34246,0.91496,0.92638,0.91579,0.94626,0.65921,1.27002,0.53184,1.7378,0.0002972,0.0002972,0.0002972
518,7911.32,0.5666,0.34502,0.93056,0.91314,0.92632,0.95005,0.67193,1.2682,0.52597,1.75142,0.0002939,0.0002939,0.0002939
519,7926.5,0.56173,0.33119,0.93566,0.90781,0.93294,0.94892,0.67355,1.27083,0.52932,1.7556,0.0002906,0.0002906,0.0002906
520,7941.67,0.55008,0.33192,0.91723,0.88965,0.93357,0.94009,0.66498,1.27716,0.53183,1.77677,0.0002873,0.0002873,0.0002873
521,7956.83,0.57632,0.33226,0.92739,0.89253,0.92632,0.94055,0.66999,1.27253,0.52741,1.78237,0.000284,0.000284,0.000284
522,7972.06,0.54865,0.33051,0.9226,0.93914,0.88421,0.9385,0.66929,1.28327,0.53437,1.79446,0.0002807,0.0002807,0.0002807
523,7987.29,0.55359,0.33433,0.91921,0.93912,0.88421,0.93597,0.67092,1.28151,0.53381,1.79743,0.0002774,0.0002774,0.0002774
524,8002.5,0.57965,0.33991,0.91897,0.93998,0.88421,0.93768,0.67444,1.28212,0.53587,1.80104,0.0002741,0.0002741,0.0002741
525,8017.69,0.57878,0.35336,0.92362,0.94063,0.88421,0.94143,0.67741,1.27791,0.54568,1.78238,0.0002708,0.0002708,0.0002708
526,8032.87,0.57328,0.35089,0.94174,0.88336,0.94737,0.94982,0.67621,1.26387,0.53881,1.74837,0.0002675,0.0002675,0.0002675
527,8048.01,0.56917,0.34674,0.9236,0.89162,0.95789,0.95077,0.67792,1.27333,0.53527,1.76397,0.0002642,0.0002642,0.0002642
528,8063.2,0.55683,0.34858,0.90858,0.92171,0.91579,0.94919,0.68038,1.27192,0.53411,1.75547,0.0002609,0.0002609,0.0002609
529,8078.35,0.57999,0.33943,0.92762,0.92126,0.91579,0.94856,0.67352,1.2785,0.53742,1.75628,0.0002576,0.0002576,0.0002576
530,8093.52,0.55501,0.3378,0.92492,0.94442,0.89425,0.94888,0.67568,1.27737,0.53387,1.78188,0.0002543,0.0002543,0.0002543
531,8108.71,0.55848,0.33345,0.91392,0.87969,0.95789,0.94906,0.67316,1.27496,0.52465,1.79782,0.000251,0.000251,0.000251
532,8123.87,0.56009,0.33121,0.91377,0.87982,0.95789,0.94763,0.66951,1.27141,0.52604,1.79861,0.0002477,0.0002477,0.0002477
533,8139.03,0.55301,0.33554,0.92425,0.93221,0.90526,0.94812,0.66782,1.26982,0.52177,1.81055,0.0002444,0.0002444,0.0002444
534,8154.19,0.56147,0.33285,0.91863,0.93205,0.90526,0.94162,0.66801,1.26198,0.521,1.80889,0.0002411,0.0002411,0.0002411
535,8169.34,0.54275,0.32729,0.91488,0.92119,0.90526,0.94114,0.66537,1.25357,0.52441,1.79505,0.0002378,0.0002378,0.0002378
536,8184.54,0.56962,0.3488,0.93441,0.92399,0.89566,0.94171,0.66619,1.25443,0.52177,1.79354,0.0002345,0.0002345,0.0002345
537,8199.73,0.53666,0.32744,0.90498,0.90683,0.92212,0.93988,0.66575,1.25341,0.52021,1.78386,0.0002312,0.0002312,0.0002312
538,8214.93,0.56317,0.34094,0.91905,0.9246,0.9036,0.93583,0.66197,1.26121,0.52612,1.79172,0.0002279,0.0002279,0.0002279
539,8230.15,0.56566,0.34088,0.92919,0.91535,0.91065,0.93441,0.66147,1.26222,0.52937,1.78988,0.0002246,0.0002246,0.0002246
540,8245.35,0.55091,0.33199,0.91574,0.92787,0.89474,0.93456,0.66185,1.2662,0.52933,1.78654,0.0002213,0.0002213,0.0002213
541,8260.54,0.5411,0.33909,0.92254,0.92933,0.89474,0.93711,0.66271,1.27518,0.53898,1.7972,0.000218,0.000218,0.000218
542,8275.74,0.55011,0.33678,0.92615,0.93122,0.89474,0.9414,0.66366,1.27201,0.53918,1.80904,0.0002147,0.0002147,0.0002147
543,8290.91,0.57159,0.35542,0.92895,0.87361,0.94584,0.9407,0.66019,1.26977,0.54206,1.82042,0.0002114,0.0002114,0.0002114
544,8306.14,0.54796,0.32993,0.91877,0.93537,0.87368,0.93411,0.657,1.25647,0.54141,1.80708,0.0002081,0.0002081,0.0002081
545,8321.31,0.58697,0.35042,0.92664,0.93325,0.87368,0.93577,0.65833,1.25285,0.53985,1.80944,0.0002048,0.0002048,0.0002048
546,8336.5,0.56545,0.34221,0.9194,0.93294,0.87872,0.93979,0.66254,1.23881,0.54631,1.78348,0.0002015,0.0002015,0.0002015
547,8351.67,0.57117,0.34134,0.93367,0.93196,0.87368,0.94057,0.66357,1.23484,0.54424,1.77457,0.0001982,0.0001982,0.0001982
548,8366.86,0.52424,0.32072,0.90368,0.93521,0.87368,0.93887,0.66297,1.23954,0.54272,1.77693,0.0001949,0.0001949,0.0001949
549,8382.11,0.54218,0.33339,0.91361,0.92914,0.88421,0.93903,0.65779,1.24261,0.54308,1.77125,0.0001916,0.0001916,0.0001916
550,8397.35,0.54349,0.33203,0.91202,0.93006,0.88421,0.94109,0.66509,1.24866,0.54302,1.77902,0.0001883,0.0001883,0.0001883
551,8412.62,0.53887,0.31986,0.90693,0.92923,0.88421,0.94104,0.66509,1.25173,0.53711,1.78282,0.000185,0.000185,0.000185
552,8427.81,0.5525,0.33872,0.92168,0.93304,0.89474,0.94127,0.66259,1.24145,0.54267,1.76763,0.0001817,0.0001817,0.0001817
553,8443.01,0.55562,0.34437,0.92558,0.93204,0.89474,0.94473,0.66377,1.23899,0.54771,1.76662,0.0001784,0.0001784,0.0001784
554,8458.2,0.54247,0.31677,0.91566,0.93392,0.89268,0.94313,0.66869,1.23741,0.54416,1.75801,0.0001751,0.0001751,0.0001751
555,8473.38,0.57086,0.34355,0.91854,0.92458,0.88421,0.94488,0.6682,1.23977,0.55441,1.76175,0.0001718,0.0001718,0.0001718
556,8488.54,0.55417,0.34359,0.91023,0.92658,0.88421,0.94509,0.6642,1.23422,0.55393,1.74869,0.0001685,0.0001685,0.0001685
557,8503.72,0.55026,0.32549,0.91287,0.93387,0.89198,0.93983,0.66971,1.23387,0.55628,1.74282,0.0001652,0.0001652,0.0001652
558,8518.86,0.55311,0.33744,0.93776,0.93386,0.89184,0.94627,0.6685,1.23514,0.55052,1.73547,0.0001619,0.0001619,0.0001619
559,8534,0.5636,0.3405,0.92619,0.93391,0.89243,0.94583,0.67031,1.23795,0.55086,1.73353,0.0001586,0.0001586,0.0001586
560,8549.19,0.56939,0.34393,0.92078,0.93399,0.89359,0.94597,0.67138,1.24113,0.55323,1.7375,0.0001553,0.0001553,0.0001553
561,8564.37,0.53521,0.32528,0.91201,0.9322,0.89474,0.94766,0.67482,1.24097,0.54789,1.7359,0.000152,0.000152,0.000152
562,8579.52,0.51677,0.32136,0.89384,0.93145,0.89474,0.94716,0.67534,1.2379,0.54635,1.72748,0.0001487,0.0001487,0.0001487
563,8594.71,0.54452,0.33622,0.90805,0.93127,0.89474,0.94579,0.67009,1.24765,0.53903,1.7338,0.0001454,0.0001454,0.0001454
564,8609.92,0.54941,0.33411,0.92529,0.93147,0.89474,0.94531,0.67278,1.24377,0.53793,1.72896,0.0001421,0.0001421,0.0001421
565,8625.12,0.54715,0.3383,0.90715,0.93178,0.89474,0.94188,0.66957,1.24595,0.53481,1.73868,0.0001388,0.0001388,0.0001388
566,8640.33,0.56083,0.3513,0.93049,0.9338,0.88421,0.93811,0.66916,1.24128,0.53447,1.73181,0.0001355,0.0001355,0.0001355
567,8655.51,0.54414,0.33091,0.90621,0.92022,0.89474,0.93692,0.67162,1.24114,0.53967,1.7243,0.0001322,0.0001322,0.0001322
568,8670.7,0.53941,0.34129,0.91038,0.92016,0.89474,0.93587,0.66427,1.24248,0.53992,1.72782,0.0001289,0.0001289,0.0001289
569,8685.88,0.54832,0.33056,0.91709,0.92107,0.89474,0.93858,0.66668,1.2403,0.54137,1.72379,0.0001256,0.0001256,0.0001256
570,8701.09,0.53453,0.3303,0.90867,0.92124,0.89474,0.93651,0.66323,1.241,0.54339,1.72554,0.0001223,0.0001223,0.0001223
571,8716.33,0.53961,0.32839,0.90574,0.92385,0.894,0.93659,0.66453,1.24065,0.53803,1.72301,0.000119,0.000119,0.000119
572,8731.54,0.5291,0.31418,0.90566,0.92365,0.89143,0.93594,0.6642,1.24331,0.53632,1.72402,0.0001157,0.0001157,0.0001157
573,8746.74,0.55711,0.32899,0.91854,0.92366,0.89159,0.94023,0.66529,1.25038,0.53759,1.72382,0.0001124,0.0001124,0.0001124
574,8762,0.53814,0.33579,0.9121,0.92364,0.89127,0.94004,0.66999,1.25623,0.53821,1.73474,0.0001091,0.0001091,0.0001091
575,8777.24,0.5349,0.32783,0.90047,0.88099,0.9351,0.9396,0.66805,1.25726,0.53819,1.73671,0.0001058,0.0001058,0.0001058
576,8792.51,0.5438,0.33274,0.90613,0.88082,0.9336,0.939,0.66598,1.2578,0.53973,1.7379,0.0001025,0.0001025,0.0001025
577,8807.7,0.53796,0.33305,0.91572,0.92876,0.88421,0.93885,0.66945,1.26214,0.54148,1.74675,9.92e-05,9.92e-05,9.92e-05
578,8822.93,0.5424,0.32797,0.91383,0.91418,0.8971,0.9388,0.66694,1.25857,0.5491,1.74106,9.59e-05,9.59e-05,9.59e-05
579,8838.16,0.53863,0.32183,0.91859,0.91417,0.89694,0.93819,0.66394,1.25859,0.55387,1.74277,9.26e-05,9.26e-05,9.26e-05
580,8853.41,0.53557,0.32531,0.91628,0.93383,0.89129,0.93521,0.66324,1.26376,0.55641,1.75459,8.93e-05,8.93e-05,8.93e-05
581,8868.62,0.53883,0.32547,0.92052,0.93399,0.89362,0.93423,0.65904,1.26285,0.55259,1.75095,8.6e-05,8.6e-05,8.6e-05
582,8883.84,0.53206,0.32905,0.91059,0.93308,0.89474,0.93896,0.66236,1.26531,0.54843,1.75515,8.27e-05,8.27e-05,8.27e-05
583,8899.07,0.54654,0.32127,0.91497,0.9325,0.89474,0.93812,0.65971,1.26554,0.5525,1.75839,7.94e-05,7.94e-05,7.94e-05
584,8914.3,0.53631,0.32337,0.91969,0.93229,0.89474,0.93915,0.6653,1.25604,0.54623,1.74488,7.61e-05,7.61e-05,7.61e-05
585,8929.49,0.523,0.32064,0.9172,0.93204,0.89474,0.93894,0.66378,1.25076,0.54354,1.74173,7.28e-05,7.28e-05,7.28e-05
586,8944.7,0.53796,0.32651,0.91891,0.93156,0.89474,0.93907,0.66188,1.25123,0.54201,1.74619,6.95e-05,6.95e-05,6.95e-05
587,8959.89,0.54108,0.33237,0.92209,0.93088,0.89474,0.94004,0.66295,1.25086,0.54461,1.74831,6.62e-05,6.62e-05,6.62e-05
588,8975.13,0.54417,0.33132,0.92767,0.93072,0.89474,0.94027,0.66529,1.25489,0.54412,1.75462,6.29e-05,6.29e-05,6.29e-05
589,8990.34,0.53922,0.33303,0.91652,0.92992,0.89474,0.9398,0.66546,1.2586,0.53812,1.75748,5.96e-05,5.96e-05,5.96e-05
590,9005.54,0.53874,0.32662,0.92288,0.92754,0.89474,0.94026,0.66497,1.25883,0.53718,1.76006,5.63e-05,5.63e-05,5.63e-05
591,9022.65,0.59341,0.40516,0.9665,0.92317,0.89474,0.94035,0.66613,1.25856,0.54128,1.76315,5.3e-05,5.3e-05,5.3e-05
592,9037.93,0.57055,0.35138,0.93667,0.9115,0.91579,0.94159,0.67141,1.26523,0.54911,1.7777,4.97e-05,4.97e-05,4.97e-05
593,9053.12,0.54052,0.32281,0.96419,0.92105,0.91579,0.94196,0.67248,1.26165,0.54706,1.78181,4.64e-05,4.64e-05,4.64e-05
594,9068.45,0.53861,0.32046,0.9289,0.91591,0.91724,0.9418,0.67291,1.26161,0.54964,1.79116,4.31e-05,4.31e-05,4.31e-05
595,9083.67,0.52752,0.31215,0.93083,0.91583,0.91633,0.94304,0.67113,1.26368,0.55114,1.79954,3.98e-05,3.98e-05,3.98e-05
596,9099.25,0.53879,0.32002,0.94077,0.91351,0.92632,0.94271,0.6709,1.26534,0.5568,1.80284,3.65e-05,3.65e-05,3.65e-05
597,9114.47,0.51795,0.30828,0.9159,0.90472,0.92632,0.94209,0.6724,1.26784,0.55515,1.81245,3.32e-05,3.32e-05,3.32e-05
598,9129.62,0.52023,0.31094,0.92845,0.90656,0.91917,0.94195,0.66805,1.26874,0.56181,1.82045,2.99e-05,2.99e-05,2.99e-05
599,9144.78,0.52554,0.32338,0.9419,0.89732,0.91997,0.94174,0.6687,1.26817,0.56172,1.82211,2.66e-05,2.66e-05,2.66e-05
600,9159.91,0.51751,0.31084,0.93296,0.91474,0.90355,0.94483,0.66798,1.26572,0.56593,1.82101,2.33e-05,2.33e-05,2.33e-05
